timestamp,body,mode,latitude,longitude,altitude,alt_raycast,heading,g,temperature
2026-02-26T21:27:02Z,,ship,27.906778,-35.247318,0,1,90,,
2026-02-26T21:27:27Z,,on_foot,27.906775,-35.247463,,1,90,0.088582,119.139938
2026-02-26T21:27:29Z,,on_foot,27.906775,-35.247463,,1,90,0.088582,119.140213
2026-02-26T21:27:31Z,,on_foot,27.906775,-35.247456,,1,90,0.088582,119.140480
2026-02-26T21:27:35Z,,on_foot,27.906775,-35.247288,,1,90,0.088582,119.140762
2026-02-26T21:27:37Z,,on_foot,27.906784,-35.246929,,1,85,0.088582,119.141098
2026-02-26T21:27:40Z,,on_foot,27.906822,-35.246464,,1,85,0.088582,119.141418
2026-02-26T21:27:42Z,,on_foot,27.906946,-35.246479,,1,85,0.088582,119.141670
2026-02-26T21:27:45Z,,on_foot,27.906912,-35.246887,,1,85,0.088582,119.141899
2026-02-26T21:27:47Z,,on_foot,27.906889,-35.247169,,1,85,0.088582,119.142120
2026-02-26T21:27:50Z,,on_foot,27.906857,-35.247570,,1,85,0.088582,119.068741
2026-02-26T21:27:52Z,,on_foot,27.906668,-35.247555,,1,85,0.088582,119.142639
2026-02-26T21:27:55Z,,on_foot,27.906708,-35.247051,,1,85,0.088582,119.142975
2026-02-26T21:27:57Z,,on_foot,27.906734,-35.246696,,1,85,0.088582,119.143295
2026-02-26T21:27:59Z,,on_foot,27.906765,-35.246338,,1,85,0.088582,119.143623
2026-02-26T21:28:02Z,,on_foot,27.906914,-35.246090,,1,85,0.088582,119.143913
2026-02-26T21:28:04Z,,on_foot,27.907164,-35.246109,,1,85,0.088582,119.144104
2026-02-26T21:28:07Z,,on_foot,27.907196,-35.246387,,1,85,0.088582,119.144333
2026-02-26T21:28:09Z,,on_foot,27.907173,-35.246674,,1,85,0.088582,119.144562
2026-02-26T21:28:12Z,,on_foot,27.907139,-35.247089,,1,85,0.088582,119.144783
2026-02-26T21:28:14Z,,on_foot,27.907118,-35.247372,,1,85,0.088582,110.572838
2026-02-26T21:28:17Z,,on_foot,27.907084,-35.247791,,1,85,0.088582,110.449966
2026-02-26T21:28:19Z,,on_foot,27.906984,-35.247837,,1,85,0.088582,110.450195
2026-02-26T21:28:22Z,,on_foot,27.906618,-35.247814,,1,85,0.088582,119.145844
2026-02-26T21:28:24Z,,on_foot,27.906406,-35.247768,,1,85,0.088582,119.146194
2026-02-26T21:28:27Z,,on_foot,27.906448,-35.247234,,1,85,0.088582,119.146515
2026-02-26T21:28:29Z,,on_foot,27.906479,-35.246876,,1,85,0.088582,119.146843
2026-02-26T21:28:32Z,,on_foot,27.906521,-35.246353,,1,85,0.088582,119.147171
2026-02-26T21:28:34Z,,on_foot,27.906548,-35.245998,,1,85,0.088582,119.147491
2026-02-26T21:28:36Z,,on_foot,27.906567,-35.245766,,1,-31,0.088582,119.147804
2026-02-26T21:28:40Z,,on_foot,27.906647,-35.246326,,1,-81,0.088582,119.148010
2026-02-26T21:28:42Z,,on_foot,27.906725,-35.246937,,1,-82,0.088582,119.148148
2026-02-26T21:28:45Z,,on_foot,27.906778,-35.247402,,1,-83,0.088582,119.148315
2026-02-26T21:28:46Z,,on_foot,27.906778,-35.247402,,1,-83,0.088582,119.148315
2026-02-26T21:28:47Z,,on_foot,27.906778,-35.247402,,1,-83,0.088582,119.148590
2026-02-26T21:28:50Z,,ship,27.906778,-35.247314,0,1,90,,
2026-02-26T21:29:03Z,,ship,27.906780,-35.247318,5,1,90,,
2026-02-26T21:29:05Z,,ship,27.906782,-35.247318,10,1,90,,
2026-02-26T21:29:21Z,,ship,27.910328,-35.247334,37,1,90,,
2026-02-26T21:29:45Z,,ship,27.910751,-35.232880,35,1,90,,
2026-02-26T21:29:46Z,,ship,27.910761,-35.229523,36,1,90,,
2026-02-26T21:29:52Z,,ship,27.910788,-35.209461,34,1,90,,
2026-02-26T21:29:58Z,,ship,27.910816,-35.189438,29,1,90,,
2026-02-26T21:30:04Z,,ship,27.910839,-35.169250,23,1,90,,
2026-02-26T21:30:08Z,,ship,27.910858,-35.156052,23,1,90,,
2026-02-26T21:30:10Z,,ship,27.910864,-35.149357,23,1,90,,
2026-02-26T21:30:16Z,,ship,27.910879,-35.129524,25,1,90,,
2026-02-26T21:30:31Z,,ship,27.910894,-35.112534,27,1,90,,
2026-02-26T21:30:38Z,,ship,27.909874,-35.112534,27,1,90,,
2026-02-26T21:30:52Z,,ship,27.909912,-35.130959,24,1,90,,
2026-02-26T21:30:55Z,,ship,27.909904,-35.140839,23,1,90,,
2026-02-26T21:30:58Z,,ship,27.909897,-35.150757,22,1,90,,
2026-02-26T21:31:04Z,,ship,27.909870,-35.170952,22,1,90,,
2026-02-26T21:31:10Z,,ship,27.909847,-35.190880,29,1,90,,
2026-02-26T21:31:16Z,,ship,27.909821,-35.211048,34,1,90,,
2026-02-26T21:31:18Z,,ship,27.909809,-35.217773,34,1,90,,
2026-02-26T21:31:22Z,,ship,27.909790,-35.231117,34,1,90,,
2026-02-26T21:31:29Z,,ship,27.909809,-35.238945,35,1,87,,
2026-02-26T21:31:33Z,,ship,27.910131,-35.239075,35,1,57,,
2026-02-26T21:31:40Z,,ship,27.910324,-35.240070,35,1,329,,
2026-02-26T21:31:44Z,,ship,27.910080,-35.240292,35,1,301,,
2026-02-26T21:31:47Z,,ship,27.909937,-35.240189,35,1,293,,
2026-02-26T21:31:56Z,,ship,27.910086,-35.240192,35,1,306,,
2026-02-26T21:32:05Z,,ship,27.910086,-35.239040,35,1,61,,
2026-02-26T21:32:06Z,,ship,27.909937,-35.238964,35,1,75,,
2026-02-26T21:32:12Z,,ship,27.909729,-35.238945,35,1,93,,
2026-02-26T21:32:28Z,,ship,27.908846,-35.238941,35,1,90,,
2026-02-26T21:32:34Z,,ship,27.908886,-35.229294,35,1,90,,
2026-02-26T21:32:40Z,,ship,27.908983,-35.209229,33,1,90,,
2026-02-26T21:32:46Z,,ship,27.909073,-35.189381,28,1,90,,
2026-02-26T21:32:51Z,,ship,27.909151,-35.172787,22,1,90,,
2026-02-26T21:32:52Z,,ship,27.909164,-35.169422,21,1,90,,
2026-02-26T21:32:58Z,,ship,27.909252,-35.149384,20,1,90,,
2026-02-26T21:33:04Z,,ship,27.909340,-35.129330,22,1,90,,
2026-02-26T21:33:10Z,,ship,27.909420,-35.109592,25,1,90,,
2026-02-26T21:33:14Z,,ship,27.909426,-35.108273,26,1,90,,
2026-02-26T21:33:37Z,,ship,27.908688,-35.108261,25,1,90,,
2026-02-26T21:33:48Z,,ship,27.908955,-35.111439,24,1,90,,
2026-02-26T21:33:54Z,,ship,27.908981,-35.131210,22,1,90,,
2026-02-26T21:34:00Z,,ship,27.909004,-35.151226,20,1,90,,
2026-02-26T21:34:06Z,,ship,27.909023,-35.171223,21,1,90,,
2026-02-26T21:34:12Z,,ship,27.909039,-35.191238,28,1,90,,
2026-02-26T21:34:18Z,,ship,27.909054,-35.211208,33,1,90,,
2026-02-26T21:34:23Z,,ship,27.909060,-35.228020,35,1,90,,
2026-02-26T21:34:24Z,,ship,27.909063,-35.231331,33,1,90,,
2026-02-26T21:34:40Z,,ship,27.907970,-35.227531,34,1,90,,
2026-02-26T21:34:46Z,,ship,27.907957,-35.207466,31,1,90,,
2026-02-26T21:34:47Z,,ship,27.907957,-35.204124,31,1,90,,
2026-02-26T21:34:52Z,,ship,27.907946,-35.187359,26,1,90,,
2026-02-26T21:34:58Z,,ship,27.907928,-35.167263,22,1,90,,
2026-02-26T21:35:04Z,,ship,27.907909,-35.147217,20,1,90,,
2026-02-26T21:35:10Z,,ship,27.907885,-35.127235,21,1,90,,
2026-02-26T21:35:28Z,,ship,27.907034,-35.132412,21,1,90,,
2026-02-26T21:35:34Z,,ship,27.907057,-35.149265,19,1,90,,
2026-02-26T21:35:35Z,,ship,27.907061,-35.152630,19,1,90,,
2026-02-26T21:35:41Z,,ship,27.907082,-35.172535,20,1,90,,
2026-02-26T21:35:47Z,,ship,27.907095,-35.192554,27,1,90,,
2026-02-26T21:35:53Z,,ship,27.907110,-35.212521,32,1,90,,
2026-02-26T21:35:57Z,,ship,27.907116,-35.225670,33,1,90,,
2026-02-26T21:35:59Z,,ship,27.907122,-35.232563,32,1,90,,
2026-02-26T21:36:18Z,,ship,27.905991,-35.227325,31,1,90,,
2026-02-26T21:36:20Z,,ship,27.905985,-35.220585,32,1,90,,
2026-02-26T21:36:24Z,,ship,27.905979,-35.207180,29,1,90,,
2026-02-26T21:36:30Z,,ship,27.905962,-35.187180,25,1,90,,
2026-02-26T21:36:36Z,,ship,27.905945,-35.167179,19,1,90,,
2026-02-26T21:36:43Z,,ship,27.905926,-35.147030,18,1,90,,
2026-02-26T21:36:44Z,,ship,27.905922,-35.143768,18,1,90,,
2026-02-26T21:36:49Z,,ship,27.905901,-35.126995,22,1,90,,
2026-02-26T21:36:55Z,,ship,27.905878,-35.109200,22,1,90,,
2026-02-26T21:37:02Z,,ship,27.904907,-35.111069,22,1,90,,
2026-02-26T21:37:07Z,,ship,27.904928,-35.127388,21,1,90,,
2026-02-26T21:37:08Z,,ship,27.904932,-35.130634,20,1,90,,
2026-02-26T21:37:14Z,,ship,27.904959,-35.150848,18,1,90,,
2026-02-26T21:37:20Z,,ship,27.904976,-35.170986,19,1,90,,
2026-02-26T21:37:26Z,,ship,27.904991,-35.190929,25,1,90,,
2026-02-26T21:37:30Z,,ship,27.905003,-35.204433,27,1,90,,
2026-02-26T21:37:32Z,,ship,27.905006,-35.211201,31,1,90,,
2026-02-26T21:37:38Z,,ship,27.905020,-35.231087,30,1,90,,
2026-02-26T21:37:54Z,,ship,27.904198,-35.240208,33,1,90,,
2026-02-26T21:38:01Z,,ship,27.903976,-35.227810,29,1,90,,
2026-02-26T21:38:07Z,,ship,27.903963,-35.207718,28,1,90,,
2026-02-26T21:38:13Z,,ship,27.903948,-35.187794,23,1,90,,
2026-02-26T21:38:16Z,,ship,27.903938,-35.177643,20,1,90,,
2026-02-26T21:38:19Z,,ship,27.903933,-35.167656,18,1,90,,
2026-02-26T21:38:25Z,,ship,27.903910,-35.147472,19,1,90,,
2026-02-26T21:38:31Z,,ship,27.903889,-35.127155,20,1,90,,
2026-02-26T21:38:39Z,,ship,27.903418,-35.112236,20,1,90,,
2026-02-26T21:38:53Z,,ship,27.902910,-35.131466,18,1,90,,
2026-02-26T21:38:59Z,,ship,27.902935,-35.151772,18,1,90,,
2026-02-26T21:39:03Z,,ship,27.902948,-35.165092,17,1,90,,
2026-02-26T21:39:05Z,,ship,27.902956,-35.171825,18,1,90,,
2026-02-26T21:39:11Z,,ship,27.902975,-35.192051,23,1,90,,
2026-02-26T21:39:17Z,,ship,27.902988,-35.212166,29,1,90,,
2026-02-26T21:39:23Z,,ship,27.902998,-35.232010,30,1,90,,
2026-02-26T21:39:26Z,,ship,27.903000,-35.233913,31,1,90,,
2026-02-26T21:39:42Z,,ship,27.901964,-35.229469,28,1,90,,
2026-02-26T21:39:49Z,,ship,27.901951,-35.209278,27,1,90,,
2026-02-26T21:39:50Z,,ship,27.901951,-35.205940,26,1,90,,
2026-02-26T21:39:55Z,,ship,27.901939,-35.189274,22,1,90,,
2026-02-26T21:40:01Z,,ship,27.901920,-35.169289,17,1,90,,
2026-02-26T21:40:07Z,,ship,27.901899,-35.149132,18,1,90,,
2026-02-26T21:40:13Z,,ship,27.901880,-35.129070,18,1,90,,
2026-02-26T21:40:19Z,,ship,27.901852,-35.109993,19,1,90,,
2026-02-26T21:40:28Z,,ship,27.900875,-35.111202,19,1,90,,
2026-02-26T21:40:34Z,,ship,27.900898,-35.130913,17,1,90,,
2026-02-26T21:40:36Z,,ship,27.900906,-35.137653,17,1,90,,
2026-02-26T21:40:40Z,,ship,27.900923,-35.151051,17,1,90,,
2026-02-26T21:40:46Z,,ship,27.900942,-35.171051,17,1,90,,
2026-02-26T21:40:52Z,,ship,27.900957,-35.191021,22,1,90,,
2026-02-26T21:40:59Z,,ship,27.900970,-35.211189,28,1,90,,
2026-02-26T21:41:00Z,,ship,27.900976,-35.214504,28,1,90,,
2026-02-26T21:41:05Z,,ship,27.900982,-35.231083,29,1,90,,
2026-02-26T21:41:23Z,,ship,27.900011,-35.227203,28,1,90,,
2026-02-26T21:41:29Z,,ship,27.900002,-35.207298,25,1,90,,
2026-02-26T21:41:34Z,,ship,27.899992,-35.190456,21,1,90,,
2026-02-26T21:41:35Z,,ship,27.899986,-35.187176,21,1,90,,
2026-02-26T21:41:41Z,,ship,27.899971,-35.167156,16,1,90,,
2026-02-26T21:41:46Z,,ship,27.899952,-35.150394,17,1,90,,
2026-02-26T21:41:47Z,,ship,27.899950,-35.147095,17,1,90,,
2026-02-26T21:41:53Z,,ship,27.899927,-35.127014,17,1,90,,
2026-02-26T21:41:59Z,,ship,27.899897,-35.106819,17,1,90,,
2026-02-26T21:42:09Z,,ship,27.902878,-35.100658,20,1,90,,
2026-02-26T21:42:31Z,,ship,27.910627,-35.100643,23,1,90,,
2026-02-26T21:42:32Z,,ship,27.911741,-35.100639,24,1,90,,
2026-02-26T21:42:55Z,,ship,27.919786,-35.100628,26,1,90,,
2026-02-26T21:43:06Z,,ship,27.919960,-35.110283,24,1,90,,
2026-02-26T21:43:12Z,,ship,27.919983,-35.130398,20,1,90,,
2026-02-26T21:43:18Z,,ship,27.920010,-35.150658,21,1,90,,
2026-02-26T21:43:19Z,,ship,27.920010,-35.153996,20,1,90,,
2026-02-26T21:43:24Z,,ship,27.920027,-35.170650,20,1,90,,
2026-02-26T21:43:30Z,,ship,27.920044,-35.190998,28,1,90,,
2026-02-26T21:43:36Z,,ship,27.920059,-35.211128,32,1,90,,
2026-02-26T21:43:42Z,,ship,27.920071,-35.231480,36,1,90,,
2026-02-26T21:44:05Z,,ship,27.918890,-35.229420,34,1,90,,
2026-02-26T21:44:06Z,,ship,27.918886,-35.226025,33,1,90,,
2026-02-26T21:44:11Z,,ship,27.918879,-35.209103,30,1,90,,
2026-02-26T21:44:17Z,,ship,27.918863,-35.189117,27,1,90,,
2026-02-26T21:44:23Z,,ship,27.918846,-35.169029,18,1,90,,
2026-02-26T21:44:29Z,,ship,27.918827,-35.148815,20,1,90,,
2026-02-26T21:44:35Z,,ship,27.918804,-35.128895,19,1,90,,
2026-02-26T21:44:43Z,,ship,27.918779,-35.109947,23,1,90,,
2026-02-26T21:44:52Z,,ship,27.917841,-35.106659,24,1,90,,
2026-02-26T21:44:54Z,,ship,27.917841,-35.110073,22,1,90,,
2026-02-26T21:45:01Z,,ship,27.917864,-35.130028,18,1,90,,
2026-02-26T21:45:07Z,,ship,27.917891,-35.150257,19,1,90,,
2026-02-26T21:45:13Z,,ship,27.917910,-35.170406,18,1,90,,
2026-02-26T21:45:15Z,,ship,27.917919,-35.176994,20,1,90,,
2026-02-26T21:45:19Z,,ship,27.917927,-35.190403,26,1,90,,
2026-02-26T21:45:25Z,,ship,27.917940,-35.210537,30,1,90,,
2026-02-26T21:45:31Z,,ship,27.917953,-35.230618,33,1,90,,
2026-02-26T21:45:37Z,,ship,27.917963,-35.250950,33,1,90,,
2026-02-26T21:45:38Z,,ship,27.917961,-35.253845,33,1,90,,
2026-02-26T21:45:49Z,,ship,27.917072,-35.249027,32,1,90,,
2026-02-26T21:45:55Z,,ship,27.917063,-35.228714,32,1,90,,
2026-02-26T21:46:01Z,,ship,27.917055,-35.208763,29,1,90,,
2026-02-26T21:46:02Z,,ship,27.917051,-35.205395,29,1,90,,
2026-02-26T21:46:07Z,,ship,27.917040,-35.188702,24,1,90,,
2026-02-26T21:46:13Z,,ship,27.917019,-35.168568,17,1,90,,
2026-02-26T21:46:19Z,,ship,27.916998,-35.148518,18,1,90,,
2026-02-26T21:46:25Z,,ship,27.916975,-35.128506,18,1,90,,
2026-02-26T21:46:31Z,,ship,27.916952,-35.108452,22,1,90,,
2026-02-26T21:46:42Z,,ship,27.915859,-35.113346,21,1,90,,
2026-02-26T21:46:48Z,,ship,27.915880,-35.130066,17,1,90,,
2026-02-26T21:46:49Z,,ship,27.915886,-35.133488,17,1,90,,
2026-02-26T21:46:54Z,,ship,27.915901,-35.150192,16,1,90,,
2026-02-26T21:47:00Z,,ship,27.915924,-35.170444,18,1,90,,
2026-02-26T21:47:06Z,,ship,27.915941,-35.190704,24,1,90,,
2026-02-26T21:47:12Z,,ship,27.915955,-35.210732,29,1,90,,
2026-02-26T21:47:18Z,,ship,27.915968,-35.230892,31,1,90,,
2026-02-26T21:47:24Z,,ship,27.915974,-35.250729,32,1,90,,
2026-02-26T21:47:34Z,,ship,27.914778,-35.249371,30,1,90,,
2026-02-26T21:47:35Z,,ship,27.914778,-35.246136,30,1,90,,
2026-02-26T21:47:40Z,,ship,27.914768,-35.229301,31,1,90,,
2026-02-26T21:47:47Z,,ship,27.914759,-35.209198,29,1,90,,
2026-02-26T21:47:53Z,,ship,27.914743,-35.189289,23,1,90,,
2026-02-26T21:47:58Z,,ship,27.914728,-35.172665,17,1,90,,
2026-02-26T21:47:59Z,,ship,27.914728,-35.169258,17,1,90,,
2026-02-26T21:48:05Z,,ship,27.914709,-35.149384,16,1,90,,
2026-02-26T21:48:11Z,,ship,27.914684,-35.129219,17,1,90,,
2026-02-26T21:48:17Z,,ship,27.914656,-35.109192,22,1,90,,
2026-02-26T21:48:21Z,,ship,27.914646,-35.098068,23,1,90,,
2026-02-26T21:48:31Z,,ship,27.913897,-35.113194,20,1,90,,
2026-02-26T21:48:37Z,,ship,27.913921,-35.133232,16,1,90,,
2026-02-26T21:48:43Z,,ship,27.913942,-35.153282,15,1,90,,
2026-02-26T21:48:44Z,,ship,27.913946,-35.156712,15,1,90,,
2026-02-26T21:48:49Z,,ship,27.913961,-35.173420,17,1,90,,
2026-02-26T21:48:54Z,,ship,27.913977,-35.190193,23,1,90,,
2026-02-26T21:49:01Z,,ship,27.913992,-35.210270,28,1,90,,
2026-02-26T21:49:07Z,,ship,27.914005,-35.230381,30,1,90,,
2026-02-26T21:49:08Z,,ship,27.914005,-35.233799,28,1,90,,
2026-02-26T21:49:13Z,,ship,27.914013,-35.250866,30,1,90,,
2026-02-26T21:49:30Z,,ship,27.911926,-35.247631,29,1,90,,
2026-02-26T21:49:31Z,,ship,27.911926,-35.244221,29,1,90,,
2026-02-26T21:49:36Z,,ship,27.911921,-35.227482,29,1,90,,
2026-02-26T21:49:42Z,,ship,27.911907,-35.207371,25,1,90,,
2026-02-26T21:49:48Z,,ship,27.911892,-35.187366,20,1,90,,
2026-02-26T21:49:55Z,,ship,27.911877,-35.167408,15,1,90,,
2026-02-26T21:50:01Z,,ship,27.911856,-35.147457,14,1,90,,
2026-02-26T21:50:07Z,,ship,27.911835,-35.127346,16,1,90,,
2026-02-26T21:50:13Z,,ship,27.911806,-35.107376,19,1,90,,
2026-02-26T21:50:18Z,,ship,27.910994,-35.102306,19,1,90,,
2026-02-26T21:50:25Z,,ship,27.910938,-35.113316,17,1,90,,
2026-02-26T21:50:30Z,,ship,27.910961,-35.130066,15,1,90,,
2026-02-26T21:50:36Z,,ship,27.910982,-35.150227,13,1,90,,
2026-02-26T21:50:41Z,,ship,27.911001,-35.166843,15,1,90,,
2026-02-26T21:50:42Z,,ship,27.911005,-35.170231,13,1,90,,
2026-02-26T21:50:48Z,,ship,27.911024,-35.190380,21,1,90,,
2026-02-26T21:50:54Z,,ship,27.911036,-35.210495,26,1,90,,
2026-02-26T21:51:01Z,,ship,27.911049,-35.230614,29,1,90,,
2026-02-26T21:51:05Z,,ship,27.911055,-35.244171,28,1,90,,
2026-02-26T21:51:07Z,,ship,27.911055,-35.250889,29,1,90,,
2026-02-26T21:51:18Z,,ship,27.909899,-35.255539,30,1,90,,
2026-02-26T21:51:24Z,,ship,27.909866,-35.246815,28,1,90,,
2026-02-26T21:51:27Z,,ship,27.909861,-35.236752,26,1,90,,
2026-02-26T21:51:29Z,,ship,27.909855,-35.229958,26,1,90,,
2026-02-26T21:51:35Z,,ship,27.909845,-35.209949,25,1,90,,
2026-02-26T21:51:41Z,,ship,27.909832,-35.189945,20,1,90,,
2026-02-26T21:51:47Z,,ship,27.909811,-35.169968,13,1,90,,
2026-02-26T21:51:50Z,,ship,27.909805,-35.159782,14,1,90,,
2026-02-26T21:51:53Z,,ship,27.909794,-35.149765,13,1,90,,
2026-02-26T21:52:00Z,,ship,27.909773,-35.129650,14,1,90,,
2026-02-26T21:52:06Z,,ship,27.909746,-35.109280,18,1,90,,
2026-02-26T21:52:14Z,,ship,27.909319,-35.104404,18,1,90,,
2026-02-26T21:52:37Z,,ship,27.908705,-35.104404,18,1,90,,
2026-02-26T21:53:00Z,,ship,27.908693,-35.104404,18,1,91,,
2026-02-26T21:53:24Z,,ship,27.908693,-35.104404,18,1,91,,
2026-02-26T21:53:47Z,,ship,27.907934,-35.109421,16,1,91,,
2026-02-26T21:53:48Z,,ship,27.907984,-35.112801,16,1,91,,
2026-02-26T21:53:54Z,,ship,27.908268,-35.132576,14,1,91,,
2026-02-26T21:54:00Z,,ship,27.908548,-35.152691,14,1,91,,
2026-02-26T21:54:06Z,,ship,27.908827,-35.172642,16,1,91,,
2026-02-26T21:54:10Z,,ship,27.909008,-35.185841,22,1,91,,
2026-02-26T21:54:12Z,,ship,27.909101,-35.192497,23,1,91,,
2026-02-26T21:54:18Z,,ship,27.909376,-35.212662,29,1,91,,
2026-02-26T21:54:24Z,,ship,27.909645,-35.232719,30,1,91,,
2026-02-26T21:54:31Z,,ship,27.909920,-35.253006,35,1,91,,
2026-02-26T21:54:34Z,,ship,27.909952,-35.255596,35,1,91,,
2026-02-26T21:54:57Z,,ship,27.899855,-35.255779,36,1,91,,
2026-02-26T21:55:07Z,,ship,27.899002,-35.248924,35,1,91,,
2026-02-26T21:55:13Z,,ship,27.898737,-35.228966,29,1,91,,
2026-02-26T21:55:19Z,,ship,27.898466,-35.208935,24,1,91,,
2026-02-26T21:55:20Z,,ship,27.898420,-35.205601,23,1,91,,
2026-02-26T21:55:25Z,,ship,27.898190,-35.188885,19,1,91,,
2026-02-26T21:55:31Z,,ship,27.897915,-35.168945,14,1,91,,
2026-02-26T21:55:37Z,,ship,27.897633,-35.148861,13,1,91,,
2026-02-26T21:55:44Z,,ship,27.897354,-35.128807,11,1,91,,
2026-02-26T21:55:50Z,,ship,27.897064,-35.108650,11,1,91,,
2026-02-26T21:55:56Z,,ship,27.896770,-35.088257,12,1,91,,
2026-02-26T21:56:07Z,,ship,27.896002,-35.086136,11,1,91,,
2026-02-26T21:56:09Z,,ship,27.896097,-35.092735,10,1,91,,
2026-02-26T21:56:15Z,,ship,27.896387,-35.112919,11,1,91,,
2026-02-26T21:56:21Z,,ship,27.896675,-35.133053,11,1,91,,
2026-02-26T21:56:27Z,,ship,27.896957,-35.153240,13,1,91,,
2026-02-26T21:56:30Z,,ship,27.897097,-35.163265,14,1,91,,
2026-02-26T21:56:33Z,,ship,27.897236,-35.173233,14,1,91,,
2026-02-26T21:56:40Z,,ship,27.897514,-35.193310,18,1,91,,
2026-02-26T21:56:45Z,,ship,27.897745,-35.210220,24,1,91,,
2026-02-26T21:56:51Z,,ship,27.898014,-35.230312,29,1,91,,
2026-02-26T21:56:53Z,,ship,27.898102,-35.236950,30,1,91,,
2026-02-26T21:56:57Z,,ship,27.898281,-35.250271,35,1,91,,
2026-02-26T21:57:09Z,,ship,27.896967,-35.247894,34,1,91,,
2026-02-26T21:57:15Z,,ship,27.896704,-35.228043,28,1,91,,
2026-02-26T21:57:16Z,,ship,27.896658,-35.224640,26,1,91,,
2026-02-26T21:57:21Z,,ship,27.896431,-35.208015,23,1,91,,
2026-02-26T21:57:27Z,,ship,27.896158,-35.187996,18,1,91,,
2026-02-26T21:57:33Z,,ship,27.895878,-35.167870,13,1,91,,
2026-02-26T21:57:39Z,,ship,27.895605,-35.148026,13,1,91,,
2026-02-26T21:57:46Z,,ship,27.895323,-35.127987,10,1,91,,
2026-02-26T21:57:52Z,,ship,27.895033,-35.107838,9,1,91,,
2026-02-26T21:58:03Z,,ship,27.894062,-35.107117,7,1,91,,
2026-02-26T21:58:04Z,,ship,27.894108,-35.110355,8,1,91,,
2026-02-26T21:58:10Z,,ship,27.894396,-35.130375,9,1,91,,
2026-02-26T21:58:16Z,,ship,27.894676,-35.150406,13,1,91,,
2026-02-26T21:58:22Z,,ship,27.894957,-35.170559,13,1,91,,
2026-02-26T21:58:26Z,,ship,27.895145,-35.184086,17,1,91,,
2026-02-26T21:58:28Z,,ship,27.895239,-35.190815,18,1,91,,
2026-02-26T21:58:34Z,,ship,27.895512,-35.210842,22,1,91,,
2026-02-26T21:58:40Z,,ship,27.895781,-35.230797,28,1,91,,
2026-02-26T21:58:47Z,,ship,27.896042,-35.250324,35,1,91,,
2026-02-26T21:58:50Z,,ship,27.895828,-35.251194,35,1,91,,
2026-02-26T21:58:58Z,,ship,27.894987,-35.249485,34,1,91,,
2026-02-26T21:59:04Z,,ship,27.894726,-35.229801,27,1,91,,
2026-02-26T21:59:10Z,,ship,27.894451,-35.209450,21,1,91,,
2026-02-26T21:59:13Z,,ship,27.894312,-35.199471,18,1,91,,
2026-02-26T21:59:16Z,,ship,27.894175,-35.189384,18,1,91,,
2026-02-26T21:59:22Z,,ship,27.893896,-35.169121,13,1,91,,
2026-02-26T21:59:28Z,,ship,27.893612,-35.148998,13,1,91,,
2026-02-26T21:59:34Z,,ship,27.893330,-35.128826,7,1,91,,
2026-02-26T21:59:36Z,,ship,27.893238,-35.122272,8,1,91,,
2026-02-26T21:59:41Z,,ship,27.893044,-35.108818,6,1,91,,
2026-02-26T21:59:53Z,,ship,27.892103,-35.110744,5,1,91,,
2026-02-26T21:59:59Z,,ship,27.892385,-35.130718,6,1,91,,
2026-02-26T22:00:00Z,,ship,27.892439,-35.134117,8,1,91,,
2026-02-26T22:00:05Z,,ship,27.892675,-35.150955,13,1,91,,
2026-02-26T22:00:11Z,,ship,27.892952,-35.170986,14,1,91,,
2026-02-26T22:00:17Z,,ship,27.893229,-35.190952,16,1,91,,
2026-02-26T22:00:22Z,,ship,27.893459,-35.207905,20,1,91,,
2026-02-26T22:00:23Z,,ship,27.893505,-35.211246,20,1,91,,
2026-02-26T22:00:29Z,,ship,27.893780,-35.231441,27,1,91,,
2026-02-26T22:00:35Z,,ship,27.894047,-35.251553,34,1,91,,
2026-02-26T22:00:46Z,,ship,27.893587,-35.269810,38,1,91,,
2026-02-26T22:00:58Z,,ship,27.892698,-35.248302,33,1,91,,
2026-02-26T22:01:04Z,,ship,27.892431,-35.228432,24,1,91,,
2026-02-26T22:01:09Z,,ship,27.892208,-35.211792,18,1,91,,
2026-02-26T22:01:10Z,,ship,27.892159,-35.208420,18,1,91,,
2026-02-26T22:01:16Z,,ship,27.891888,-35.188393,17,1,91,,
2026-02-26T22:01:22Z,,ship,27.891615,-35.168438,15,1,91,,
2026-02-26T22:01:28Z,,ship,27.891333,-35.148483,12,1,91,,
2026-02-26T22:01:32Z,,ship,27.891142,-35.134960,7,1,91,,
2026-02-26T22:01:34Z,,ship,27.891048,-35.128265,6,1,91,,
2026-02-26T22:01:40Z,,ship,27.890759,-35.108238,5,1,91,,
2026-02-26T22:01:56Z,,ship,27.890669,-35.101620,5,1,91,,
2026-02-26T22:02:19Z,,ship,27.890669,-35.101620,5,1,91,,
2026-02-26T22:02:43Z,,ship,27.890669,-35.101620,5,1,91,,
2026-02-26T22:03:06Z,,ship,27.890669,-35.101620,5,1,91,,
2026-02-26T22:03:16Z,,ship,27.889990,-35.101631,4,1,91,,
2026-02-26T22:03:20Z,,ship,27.890034,-35.107033,3,1,91,,
2026-02-26T22:03:21Z,,ship,27.890081,-35.110397,3,1,91,,
2026-02-26T22:03:27Z,,ship,27.890368,-35.130417,5,1,91,,
2026-02-26T22:03:29Z,,ship,27.890459,-35.137104,7,1,91,,
2026-02-26T22:03:33Z,,ship,27.890652,-35.150639,12,1,91,,
2026-02-26T22:03:40Z,,ship,27.890930,-35.170628,14,1,91,,
2026-02-26T22:03:46Z,,ship,27.891207,-35.190716,16,1,91,,
2026-02-26T22:03:52Z,,ship,27.891481,-35.210922,18,1,91,,
2026-02-26T22:03:53Z,,ship,27.891527,-35.214176,17,1,91,,
2026-02-26T22:03:58Z,,ship,27.891750,-35.230824,25,1,91,,
2026-02-26T22:04:04Z,,ship,27.892021,-35.251080,33,1,91,,
2026-02-26T22:04:16Z,,ship,27.890846,-35.247589,31,1,91,,
2026-02-26T22:04:22Z,,ship,27.890579,-35.227505,21,1,91,,
2026-02-26T22:04:28Z,,ship,27.890303,-35.207298,17,1,91,,
2026-02-26T22:04:34Z,,ship,27.890030,-35.187279,15,1,91,,
2026-02-26T22:04:35Z,,ship,27.889986,-35.184010,14,1,91,,
2026-02-26T22:04:40Z,,ship,27.889797,-35.170490,15,1,91,,
2026-02-26T22:04:41Z,,ship,27.889751,-35.167213,15,1,91,,
2026-02-26T22:04:47Z,,ship,27.889471,-35.147087,11,1,91,,
2026-02-26T22:04:53Z,,ship,27.889185,-35.127045,3,1,91,,
2026-02-26T22:04:59Z,,ship,27.888903,-35.107021,2,1,91,,
2026-02-26T22:05:03Z,,ship,27.888142,-35.104179,2,1,91,,
2026-02-26T22:05:09Z,,ship,27.888170,-35.112984,1,1,91,,
2026-02-26T22:05:15Z,,ship,27.888454,-35.133099,4,1,91,,
2026-02-26T22:05:21Z,,ship,27.888735,-35.153034,12,1,91,,
2026-02-26T22:05:25Z,,ship,27.888920,-35.166351,14,1,91,,
2026-02-26T22:05:27Z,,ship,27.889017,-35.173054,16,1,91,,
2026-02-26T22:05:33Z,,ship,27.889284,-35.192829,15,1,91,,
2026-02-26T22:05:39Z,,ship,27.889561,-35.213036,16,1,91,,
2026-02-26T22:05:46Z,,ship,27.889837,-35.233276,24,1,91,,
2026-02-26T22:05:49Z,,ship,27.889971,-35.243515,29,1,91,,
2026-02-26T22:05:50Z,,ship,27.890017,-35.246971,30,1,91,,
2026-02-26T22:05:51Z,,ship,27.890066,-35.250404,32,1,91,,
2026-02-26T22:06:05Z,,ship,27.890020,-35.247147,30,1,91,,
2026-02-26T22:06:06Z,,ship,27.889975,-35.243793,29,1,91,,
2026-02-26T22:06:11Z,,ship,27.889755,-35.227207,20,1,91,,
2026-02-26T22:06:12Z,,ship,27.889708,-35.223705,17,1,91,,
2026-02-26T22:06:17Z,,ship,27.889482,-35.207153,17,1,91,,
2026-02-26T22:06:30Z,,ship,27.889551,-35.212410,15,1,91,,
2026-02-26T22:06:35Z,,ship,27.889782,-35.229298,22,1,91,,
2026-02-26T22:06:36Z,,ship,27.889828,-35.232666,23,1,91,,
2026-02-26T22:06:41Z,,ship,27.890003,-35.246067,30,1,91,,
2026-02-26T22:06:43Z,,ship,27.890089,-35.252342,32,1,91,,
2026-02-26T22:06:46Z,,ship,27.889687,-35.254005,33,1,91,,
2026-02-26T22:06:53Z,,ship,27.888912,-35.249969,31,1,91,,
2026-02-26T22:06:59Z,,ship,27.888641,-35.230064,20,1,91,,
2026-02-26T22:07:00Z,,ship,27.888601,-35.226791,18,1,91,,
2026-02-26T22:07:06Z,,ship,27.888329,-35.206810,16,1,91,,
2026-02-26T22:07:11Z,,ship,27.888094,-35.189911,14,1,91,,
2026-02-26T22:07:17Z,,ship,27.887823,-35.169865,15,1,91,,
2026-02-26T22:07:22Z,,ship,27.887589,-35.153156,11,1,91,,
2026-02-26T22:07:23Z,,ship,27.887539,-35.149696,10,1,91,,
2026-02-26T22:07:29Z,,ship,27.887253,-35.129295,1,1,91,,
2026-02-26T22:07:31Z,,ship,27.887156,-35.122566,1155,0,91,,
2026-02-26T22:07:35Z,,ship,27.886965,-35.109173,1155,0,91,,
2026-02-26T22:07:36Z,,ship,27.886917,-35.105881,1,1,91,,
2026-02-26T22:07:38Z,,ship,27.886820,-35.099125,1155,0,91,,
2026-02-26T22:07:46Z,,ship,27.886169,-35.095768,1155,0,91,,
2026-02-26T22:07:53Z,,ship,27.886065,-35.105339,2,1,91,,
2026-02-26T22:07:55Z,,ship,27.886154,-35.112087,1156,0,91,,
2026-02-26T22:07:59Z,,ship,27.886333,-35.125713,1,1,91,,
2026-02-26T22:08:01Z,,ship,27.886419,-35.132393,2,1,91,,
2026-02-26T22:08:07Z,,ship,27.886683,-35.152618,13,1,91,,
2026-02-26T22:08:08Z,,ship,27.886726,-35.156048,15,1,91,,
2026-02-26T22:08:13Z,,ship,27.886942,-35.172844,18,1,91,,
2026-02-26T22:08:19Z,,ship,27.887194,-35.192825,17,1,91,,
2026-02-26T22:08:25Z,,ship,27.887449,-35.213062,18,1,91,,
2026-02-26T22:08:32Z,,ship,27.887695,-35.233059,23,1,91,,
2026-02-26T22:08:38Z,,ship,27.887945,-35.253239,35,1,91,,
2026-02-26T22:08:52Z,,ship,27.886871,-35.249687,33,1,91,,
2026-02-26T22:08:55Z,,ship,27.886751,-35.239685,28,1,91,,
2026-02-26T22:08:58Z,,ship,27.886627,-35.229778,20,1,91,,
2026-02-26T22:09:04Z,,ship,27.886375,-35.209526,17,1,91,,
2026-02-26T22:09:10Z,,ship,27.886124,-35.189423,17,1,91,,
2026-02-26T22:09:16Z,,ship,27.885870,-35.169476,16,1,91,,
2026-02-26T22:09:18Z,,ship,27.885784,-35.162647,14,1,91,,
2026-02-26T22:09:22Z,,ship,27.885609,-35.149166,10,1,91,,
2026-02-26T22:09:28Z,,ship,27.885355,-35.129219,1,1,91,,
2026-02-26T22:09:30Z,,ship,27.885263,-35.122444,1156,0,91,,
2026-02-26T22:09:35Z,,ship,27.885084,-35.109005,1155,0,91,,
2026-02-26T22:09:42Z,,ship,27.884396,-35.104115,1155,0,91,,
2026-02-26T22:09:49Z,,ship,27.883883,-35.111259,1,1,90,,
2026-02-26T22:09:55Z,,ship,27.884096,-35.131435,21,1,95,,
2026-02-26T22:10:01Z,,ship,27.884361,-35.151352,47,1,90,,
2026-02-26T22:10:05Z,,ship,27.884340,-35.164745,41,1,90,,
2026-02-26T22:10:07Z,,ship,27.884344,-35.171497,36,1,90,,
2026-02-26T22:10:13Z,,ship,27.884327,-35.191433,15,1,90,,
2026-02-26T22:10:19Z,,ship,27.884323,-35.211567,4,1,90,,
2026-02-26T22:10:25Z,,ship,27.884352,-35.231831,7,1,90,,
2026-02-26T22:10:29Z,,ship,27.884363,-35.241692,14,1,90,,
2026-02-26T22:10:32Z,,ship,27.884377,-35.251770,20,1,90,,
2026-02-26T22:10:52Z,,ship,27.884380,-35.254200,22,1,90,,
2026-02-26T22:11:15Z,,ship,27.883202,-35.254196,22,1,90,,
2026-02-26T22:11:20Z,,ship,27.883057,-35.248650,19,1,90,,
2026-02-26T22:11:26Z,,ship,27.883032,-35.228382,6,1,90,,
2026-02-26T22:11:32Z,,ship,27.883001,-35.208275,3,1,90,,
2026-02-26T22:11:38Z,,ship,27.882975,-35.191540,4,1,90,,
2026-02-26T22:11:39Z,,ship,27.882971,-35.188152,5,1,90,,
2026-02-26T22:11:45Z,,ship,27.882936,-35.168118,5,1,90,,
2026-02-26T22:11:50Z,,ship,27.882902,-35.151409,1144,0,90,,
2026-02-26T22:11:51Z,,ship,27.882898,-35.148060,1144,0,90,,
2026-02-26T22:11:57Z,,ship,27.882668,-35.128448,1154,0,90,,
2026-02-26T22:12:01Z,,ship,27.882565,-35.115231,1,1,90,,
2026-02-26T22:12:02Z,,ship,27.882544,-35.112068,1159,0,90,,
2026-02-26T22:12:03Z,,ship,27.882519,-35.108727,1157,0,90,,
2026-02-26T22:12:05Z,,ship,27.882433,-35.102222,2,1,91,,
2026-02-26T22:12:09Z,,ship,27.881998,-35.088791,13,1,95,,
2026-02-26T22:12:24Z,,ship,27.880516,-35.083168,14,1,90,,
2026-02-26T22:12:29Z,,ship,27.880678,-35.090485,11,1,90,,
2026-02-26T22:12:36Z,,ship,27.880707,-35.110615,4,1,90,,
2026-02-26T22:12:42Z,,ship,27.880726,-35.130684,9,1,90,,
2026-02-26T22:12:48Z,,ship,27.880743,-35.150833,18,1,90,,
2026-02-26T22:12:54Z,,ship,27.880756,-35.171009,23,1,90,,
2026-02-26T22:13:00Z,,ship,27.880770,-35.191055,22,1,90,,
2026-02-26T22:13:06Z,,ship,27.880779,-35.211082,20,1,90,,
2026-02-26T22:13:11Z,,ship,27.880785,-35.227951,22,1,90,,
2026-02-26T22:13:12Z,,ship,27.880785,-35.231358,24,1,90,,
2026-02-26T22:13:18Z,,ship,27.880787,-35.251602,36,1,90,,
2026-02-26T22:13:30Z,,ship,27.879892,-35.249619,35,1,90,,
2026-02-26T22:13:35Z,,ship,27.879890,-35.233021,24,1,90,,
2026-02-26T22:13:36Z,,ship,27.879890,-35.229656,22,1,90,,
2026-02-26T22:13:42Z,,ship,27.879885,-35.209614,18,1,90,,
2026-02-26T22:13:48Z,,ship,27.879875,-35.189713,21,1,90,,
2026-02-26T22:13:54Z,,ship,27.879862,-35.169739,25,1,90,,
2026-02-26T22:13:58Z,,ship,27.879852,-35.156212,20,1,90,,
2026-02-26T22:14:00Z,,ship,27.879845,-35.149445,16,1,90,,
2026-02-26T22:14:06Z,,ship,27.879829,-35.129227,8,1,90,,
2026-02-26T22:14:12Z,,ship,27.879808,-35.108955,5,1,90,,
2026-02-26T22:14:18Z,,ship,27.879784,-35.088760,11,1,90,,
2026-02-26T22:14:20Z,,ship,27.879778,-35.082138,13,1,90,,
2026-02-26T22:14:33Z,,ship,27.878960,-35.093258,7,1,90,,
2026-02-26T22:14:38Z,,ship,27.878979,-35.110050,4,1,90,,
2026-02-26T22:14:44Z,,ship,27.879002,-35.130184,10,1,90,,
2026-02-26T22:14:50Z,,ship,27.879017,-35.150261,16,1,90,,
2026-02-26T22:14:56Z,,ship,27.879030,-35.170242,25,1,90,,
2026-02-26T22:15:02Z,,ship,27.879044,-35.190182,20,1,90,,
2026-02-26T22:15:07Z,,ship,27.879051,-35.206963,18,1,90,,
2026-02-26T22:15:08Z,,ship,27.879051,-35.210316,18,1,90,,
2026-02-26T22:15:14Z,,ship,27.879059,-35.230434,22,1,90,,
2026-02-26T22:15:20Z,,ship,27.879063,-35.250340,35,1,90,,
2026-02-26T22:15:30Z,,ship,27.877890,-35.249680,34,1,90,,
2026-02-26T22:15:37Z,,ship,27.877890,-35.229633,22,1,90,,
2026-02-26T22:15:43Z,,ship,27.877884,-35.209503,18,1,90,,
2026-02-26T22:15:49Z,,ship,27.877872,-35.189430,20,1,90,,
2026-02-26T22:15:54Z,,ship,27.877861,-35.172771,24,1,90,,
2026-02-26T22:15:55Z,,ship,27.877859,-35.169395,23,1,90,,
2026-02-26T22:16:02Z,,ship,27.877850,-35.149223,15,1,90,,
2026-02-26T22:16:08Z,,ship,27.877827,-35.129223,8,1,90,,
2026-02-26T22:16:14Z,,ship,27.877810,-35.109108,3,1,90,,
2026-02-26T22:16:18Z,,ship,27.877794,-35.095676,4,1,90,,
2026-02-26T22:16:20Z,,ship,27.877783,-35.089161,10,1,90,,
2026-02-26T22:16:27Z,,ship,27.877756,-35.067741,17,1,90,,
2026-02-26T22:16:41Z,,ship,27.876797,-35.050747,32,1,90,,
2026-02-26T22:16:58Z,,ship,27.876013,-35.072357,16,1,90,,
2026-02-26T22:17:04Z,,ship,27.876038,-35.092598,7,1,90,,
2026-02-26T22:17:05Z,,ship,27.876045,-35.095901,3,1,90,,
2026-02-26T22:17:07Z,,ship,27.876051,-35.102661,1166,0,90,,
2026-02-26T22:17:08Z,,ship,27.876055,-35.106087,1,1,90,,
2026-02-26T22:17:10Z,,ship,27.876062,-35.112617,1,1,90,,
2026-02-26T22:17:16Z,,ship,27.876083,-35.132679,10,1,90,,
2026-02-26T22:17:22Z,,ship,27.876099,-35.152798,17,1,90,,
2026-02-26T22:17:28Z,,ship,27.876116,-35.172829,23,1,90,,
2026-02-26T22:17:34Z,,ship,27.876129,-35.192852,20,1,90,,
2026-02-26T22:17:41Z,,ship,27.876135,-35.212860,18,1,90,,
2026-02-26T22:17:47Z,,ship,27.876139,-35.232899,23,1,90,,
2026-02-26T22:17:52Z,,ship,27.876144,-35.249550,34,1,90,,
2026-02-26T22:17:53Z,,ship,27.876144,-35.252960,35,1,90,,
2026-02-26T22:18:06Z,,ship,27.874870,-35.249882,33,1,90,,
2026-02-26T22:18:12Z,,ship,27.874868,-35.229801,21,1,90,,
2026-02-26T22:18:15Z,,ship,27.874865,-35.219799,17,1,90,,
2026-02-26T22:18:18Z,,ship,27.874863,-35.209740,17,1,90,,
2026-02-26T22:18:24Z,,ship,27.874849,-35.189667,19,1,90,,
2026-02-26T22:18:30Z,,ship,27.874840,-35.169521,21,1,90,,
2026-02-26T22:18:36Z,,ship,27.874825,-35.149311,15,1,90,,
2026-02-26T22:18:38Z,,ship,27.874823,-35.142658,13,1,90,,
2026-02-26T22:18:43Z,,ship,27.874807,-35.129189,8,1,90,,
2026-02-26T22:18:48Z,,ship,27.874792,-35.112556,1166,0,90,,
2026-02-26T22:18:49Z,,ship,27.874784,-35.109112,1166,0,90,,
2026-02-26T22:18:53Z,,ship,27.874771,-35.095848,3,1,90,,
2026-02-26T22:19:02Z,,ship,27.873941,-35.095394,3,1,90,,
2026-02-26T22:19:04Z,,ship,27.873947,-35.101734,1166,0,90,,
2026-02-26T22:19:07Z,,ship,27.873960,-35.112080,1166,0,90,,
2026-02-26T22:19:09Z,,ship,27.873966,-35.118885,0,1,90,,
2026-02-26T22:19:13Z,,ship,27.873978,-35.132313,10,1,90,,
2026-02-26T22:19:19Z,,ship,27.873997,-35.152534,16,1,90,,
2026-02-26T22:19:24Z,,ship,27.874010,-35.169559,20,1,90,,
2026-02-26T22:19:25Z,,ship,27.874010,-35.172852,22,1,90,,
2026-02-26T22:19:32Z,,ship,27.874022,-35.192986,19,1,90,,
2026-02-26T22:19:38Z,,ship,27.874031,-35.212967,17,1,90,,
2026-02-26T22:19:44Z,,ship,27.874039,-35.233150,23,1,90,,
2026-02-26T22:19:48Z,,ship,27.874039,-35.246574,30,1,90,,
2026-02-26T22:19:50Z,,ship,27.874039,-35.253239,34,1,90,,
2026-02-26T22:20:07Z,,ship,27.872982,-35.249226,32,1,90,,
2026-02-26T22:20:11Z,,ship,27.872980,-35.235771,25,1,90,,
2026-02-26T22:20:13Z,,ship,27.872980,-35.229050,20,1,90,,
2026-02-26T22:20:19Z,,ship,27.872972,-35.208961,17,1,90,,
2026-02-26T22:20:23Z,,ship,27.872967,-35.195641,17,1,90,,
2026-02-26T22:20:25Z,,ship,27.872959,-35.189007,19,1,90,,
2026-02-26T22:20:31Z,,ship,27.872950,-35.168907,19,1,90,,
2026-02-26T22:20:35Z,,ship,27.872942,-35.158886,18,1,90,,
2026-02-26T22:20:38Z,,ship,27.872936,-35.148865,15,1,90,,
2026-02-26T22:20:44Z,,ship,27.872917,-35.128799,7,1,90,,
2026-02-26T22:20:48Z,,ship,27.872902,-35.115307,1165,0,90,,
2026-02-26T22:20:50Z,,ship,27.872896,-35.108833,1166,0,90,,
2026-02-26T22:20:55Z,,ship,27.872885,-35.098866,0,1,90,,
2026-02-26T22:20:56Z,,ship,27.872828,-35.098846,1166,0,90,,
2026-02-26T22:20:58Z,,ship,27.872366,-35.098846,1166,0,90,,
2026-02-26T22:21:09Z,,ship,27.871923,-35.112358,1165,0,90,,
2026-02-26T22:21:11Z,,ship,27.871933,-35.119186,2,1,90,,
2026-02-26T22:21:15Z,,ship,27.871943,-35.132477,10,1,90,,
2026-02-26T22:21:21Z,,ship,27.871964,-35.152649,15,1,90,,
2026-02-26T22:21:27Z,,ship,27.871973,-35.172623,20,1,90,,
2026-02-26T22:21:33Z,,ship,27.871986,-35.192768,17,1,90,,
2026-02-26T22:21:40Z,,ship,27.871996,-35.212906,15,1,90,,
2026-02-26T22:21:45Z,,ship,27.872002,-35.229446,20,1,90,,
2026-02-26T22:21:46Z,,ship,27.872002,-35.232887,21,1,90,,
2026-02-26T22:21:52Z,,ship,27.872007,-35.253063,33,1,90,,
2026-02-26T22:22:08Z,,ship,27.870802,-35.259220,47,1,90,,
2026-02-26T22:22:11Z,,ship,27.870802,-35.249413,42,1,90,,
2026-02-26T22:22:17Z,,ship,27.870802,-35.229424,30,1,90,,
2026-02-26T22:22:23Z,,ship,27.870794,-35.209229,26,1,90,,
2026-02-26T22:22:29Z,,ship,27.870781,-35.189125,28,1,90,,
2026-02-26T22:22:31Z,,ship,27.870781,-35.182415,30,1,90,,
2026-02-26T22:22:35Z,,ship,27.870773,-35.168903,28,1,90,,
2026-02-26T22:22:42Z,,ship,27.870758,-35.148693,24,1,90,,
2026-02-26T22:22:48Z,,ship,27.870741,-35.128788,17,1,90,,
2026-02-26T22:22:54Z,,ship,27.870718,-35.108582,9,1,90,,
2026-02-26T22:23:00Z,,ship,27.870693,-35.088329,18,1,90,,
2026-02-26T22:23:07Z,,ship,27.870613,-35.069599,25,1,90,,
2026-02-26T22:23:09Z,,ship,27.869808,-35.069534,25,1,90,,
2026-02-26T22:23:12Z,,ship,27.869745,-35.071781,24,1,90,,
2026-02-26T22:23:17Z,,ship,27.869772,-35.088245,18,1,90,,
2026-02-26T22:23:18Z,,ship,27.869774,-35.091682,17,1,90,,
2026-02-26T22:23:24Z,,ship,27.869795,-35.111767,9,1,90,,
2026-02-26T22:23:30Z,,ship,27.869818,-35.132092,18,1,90,,
2026-02-26T22:23:37Z,,ship,27.869835,-35.152130,25,1,90,,
2026-02-26T22:23:41Z,,ship,27.869841,-35.165611,27,1,90,,
2026-02-26T22:23:43Z,,ship,27.869850,-35.172325,28,1,90,,
2026-02-26T22:23:49Z,,ship,27.869862,-35.192322,27,1,90,,
2026-02-26T22:23:55Z,,ship,27.869869,-35.212337,25,1,90,,
2026-02-26T22:24:01Z,,ship,27.869875,-35.232365,32,1,90,,
2026-02-26T22:24:04Z,,ship,27.869875,-35.242382,36,1,90,,
2026-02-26T22:24:07Z,,ship,27.869879,-35.252377,43,1,90,,
2026-02-26T22:24:16Z,,ship,27.868952,-35.248089,39,1,90,,
2026-02-26T22:24:22Z,,ship,27.868946,-35.228176,28,1,90,,
2026-02-26T22:24:27Z,,ship,27.868940,-35.211483,27,1,90,,
2026-02-26T22:24:28Z,,ship,27.868940,-35.208153,27,1,90,,
2026-02-26T22:24:34Z,,ship,27.868931,-35.188232,27,1,90,,
2026-02-26T22:24:41Z,,ship,27.868921,-35.168282,26,1,90,,
2026-02-26T22:24:47Z,,ship,27.868906,-35.147999,24,1,90,,
2026-02-26T22:24:51Z,,ship,27.868891,-35.134624,20,1,90,,
2026-02-26T22:24:53Z,,ship,27.868883,-35.128059,18,1,90,,
2026-02-26T22:24:59Z,,ship,27.868862,-35.108055,8,1,90,,
2026-02-26T22:25:12Z,,ship,27.867981,-35.112633,9,1,90,,
2026-02-26T22:25:14Z,,ship,27.867990,-35.119209,12,1,90,,
2026-02-26T22:25:18Z,,ship,27.868006,-35.132538,17,1,90,,
2026-02-26T22:25:24Z,,ship,27.868021,-35.152641,25,1,90,,
2026-02-26T22:25:30Z,,ship,27.868036,-35.172802,27,1,90,,
2026-02-26T22:25:36Z,,ship,27.868044,-35.192890,27,1,90,,
2026-02-26T22:25:37Z,,ship,27.868050,-35.196293,27,1,90,,
2026-02-26T22:25:43Z,,ship,27.868057,-35.213375,25,1,90,,
2026-02-26T22:25:49Z,,ship,27.868059,-35.233471,31,1,90,,
2026-02-26T22:25:54Z,,ship,27.868059,-35.250084,41,1,90,,
2026-02-26T22:26:00Z,,ship,27.868059,-35.255875,44,1,90,,
2026-02-26T22:26:08Z,,ship,27.866964,-35.247692,39,1,90,,
2026-02-26T22:26:14Z,,ship,27.866959,-35.227734,28,1,90,,
2026-02-26T22:26:20Z,,ship,27.866953,-35.207645,26,1,90,,
2026-02-26T22:26:23Z,,ship,27.866949,-35.197651,26,1,90,,
2026-02-26T22:26:26Z,,ship,27.866947,-35.187511,27,1,90,,
2026-02-26T22:26:32Z,,ship,27.866934,-35.167427,25,1,90,,
2026-02-26T22:26:39Z,,ship,27.866919,-35.147312,23,1,90,,
2026-02-26T22:26:45Z,,ship,27.866901,-35.127270,17,1,90,,
2026-02-26T22:26:47Z,,ship,27.866892,-35.120640,12,1,90,,
2026-02-26T22:26:49Z,,ship,27.866970,-35.113796,10,1,89,,
2026-02-26T22:26:51Z,,ship,27.867085,-35.107212,7,1,89,,
2026-02-26T22:26:57Z,,ship,27.867329,-35.087002,15,1,90,,
2026-02-26T22:27:03Z,,ship,27.867363,-35.066864,23,1,90,,
2026-02-26T22:27:10Z,,ship,27.866673,-35.054398,34,1,90,,
2026-02-26T22:27:23Z,,ship,27.865990,-35.071045,19,1,90,,
2026-02-26T22:27:29Z,,ship,27.866034,-35.091282,13,1,90,,
2026-02-26T22:27:34Z,,ship,27.866062,-35.104866,6,1,90,,
2026-02-26T22:27:36Z,,ship,27.866074,-35.111614,9,1,90,,
2026-02-26T22:27:42Z,,ship,27.866112,-35.131428,17,1,90,,
2026-02-26T22:27:48Z,,ship,27.866150,-35.151424,26,1,90,,
2026-02-26T22:27:54Z,,ship,27.866182,-35.171680,30,1,90,,
2026-02-26T22:27:57Z,,ship,27.866198,-35.181713,31,1,90,,
2026-02-26T22:28:00Z,,ship,27.866209,-35.191780,32,1,90,,
2026-02-26T22:28:06Z,,ship,27.866238,-35.211926,31,1,90,,
2026-02-26T22:28:12Z,,ship,27.866261,-35.232048,37,1,90,,
2026-02-26T22:28:18Z,,ship,27.866283,-35.252144,51,1,90,,
2026-02-26T22:28:20Z,,ship,27.866285,-35.258930,54,1,90,,
2026-02-26T22:28:31Z,,ship,27.866364,-35.264004,57,1,83,,
2026-02-26T22:28:36Z,,ship,27.866283,-35.263996,57,1,90,,
2026-02-26T22:28:44Z,,ship,27.866289,-35.264000,57,1,90,,
2026-02-26T22:29:06Z,,ship,27.872129,-35.263325,58,1,90,,
2026-02-26T22:29:07Z,,ship,27.874498,-35.263313,59,1,90,,
2026-02-26T22:29:14Z,,ship,27.890228,-35.263241,61,1,90,,
2026-02-26T22:29:17Z,,ship,27.889429,-35.263241,61,1,90,,
2026-02-26T22:29:30Z,,ship,27.882591,-35.263275,60,1,90,,
2026-02-26T22:29:47Z,,ship,27.882519,-35.243168,50,1,90,,
2026-02-26T22:29:49Z,,ship,27.882433,-35.221088,41,1,90,,
2026-02-26T22:29:50Z,,ship,27.882387,-35.209522,40,1,90,,
2026-02-26T22:29:52Z,,ship,27.882290,-35.187096,43,1,90,,
2026-02-26T22:29:53Z,,ship,27.882250,-35.176105,44,1,90,,
2026-02-26T22:29:54Z,,ship,27.882208,-35.166470,44,1,90,,
2026-02-26T22:29:56Z,,ship,27.882132,-35.148746,36,1,90,,
2026-02-26T22:29:59Z,,ship,27.882038,-35.128323,26,1,90,,
2026-02-26T22:30:04Z,,ship,27.881945,-35.107807,24,1,90,,
2026-02-26T22:30:16Z,,ship,27.881910,-35.100887,23,1,90,,
2026-02-26T22:30:39Z,,ship,27.881910,-35.100880,23,1,90,,
2026-02-26T22:31:03Z,,ship,27.882402,-35.109097,19,1,90,,
2026-02-26T22:31:22Z,,ship,27.885107,-35.108910,22,1,90,,
2026-02-26T22:31:26Z,,ship,27.885107,-35.108910,22,1,90,,
2026-02-26T22:31:32Z,,ship,27.885139,-35.108887,0,1,90,,
2026-02-26T22:31:36Z,,ship,27.885139,-35.108887,0,1,90,,
2026-02-26T22:31:37Z,,ship,27.885139,-35.108887,0,1,90,,
2026-02-26T22:32:03Z,,on_foot,27.885126,-35.109047,,1,90,0.088582,119.558792
2026-02-26T22:32:06Z,,on_foot,27.885126,-35.109047,,1,90,0.088582,119.559036
2026-02-26T22:32:08Z,,on_foot,27.885126,-35.109047,,1,90,0.088582,119.559265
2026-02-26T22:32:11Z,,on_foot,27.885124,-35.108547,,1,90,0.088582,119.559563
2026-02-26T22:32:13Z,,on_foot,27.885124,-35.108189,,1,90,0.088582,119.559860
2026-02-26T22:32:16Z,,on_foot,27.885124,-35.107662,,1,90,0.088582,119.560150
2026-02-26T22:32:18Z,,on_foot,27.885122,-35.107307,,1,90,0.088582,119.560448
2026-02-26T22:32:21Z,,on_foot,27.885120,-35.106781,,1,90,0.088582,119.560745
2026-02-26T22:32:23Z,,on_foot,27.885117,-35.106426,,1,90,0.088582,119.561035
2026-02-26T22:32:26Z,,on_foot,27.885117,-35.105896,,1,90,0.088582,119.561333
2026-02-26T22:32:28Z,,on_foot,27.885113,-35.105537,,1,90,0.088582,119.561630
2026-02-26T22:32:31Z,,on_foot,27.885113,-35.105007,,1,90,0.088582,119.561928
2026-02-26T22:32:33Z,,on_foot,27.885113,-35.104645,,1,90,0.088582,119.562225
2026-02-26T22:32:35Z,,on_foot,27.885113,-35.104298,,1,90,0.088582,119.562515
2026-02-26T22:32:38Z,,on_foot,27.885111,-35.103756,,1,90,0.088582,119.562813
2026-02-26T22:32:40Z,,on_foot,27.885111,-35.103397,,1,90,0.088582,119.563110
2026-02-26T22:32:43Z,,on_foot,27.885107,-35.103188,,1,90,0.088582,119.563377
2026-02-26T22:32:45Z,,on_foot,27.884932,-35.103188,,1,90,0.088582,119.563660
2026-02-26T22:32:48Z,,on_foot,27.884933,-35.103466,,1,90,0.088582,119.563873
2026-02-26T22:32:50Z,,on_foot,27.884935,-35.103756,,1,90,0.088582,119.564064
2026-02-26T22:32:53Z,,on_foot,27.884935,-35.104183,,1,90,0.088582,119.564255
2026-02-26T22:32:55Z,,on_foot,27.884937,-35.104469,,1,90,0.088582,119.564445
2026-02-26T22:32:58Z,,on_foot,27.884937,-35.104759,,1,90,0.088582,119.564636
2026-02-26T22:33:01Z,,on_foot,27.884941,-35.105190,,1,90,0.088582,119.564835
2026-02-26T22:33:03Z,,on_foot,27.884941,-35.105457,,1,90,0.088582,119.565018
2026-02-26T22:33:06Z,,on_foot,27.884945,-35.105888,,1,90,0.088582,119.565216
2026-02-26T22:33:08Z,,on_foot,27.884945,-35.106167,,1,90,0.088582,119.565407
2026-02-26T22:33:11Z,,on_foot,27.884945,-35.106602,,1,90,0.088582,119.565598
2026-02-26T22:33:13Z,,on_foot,27.884945,-35.106888,,1,90,0.088582,119.565788
2026-02-26T22:33:16Z,,on_foot,27.884947,-35.107315,,1,90,0.088582,119.565979
2026-02-26T22:33:18Z,,on_foot,27.884947,-35.107601,,1,90,0.088582,119.566170
2026-02-26T22:33:20Z,,on_foot,27.884947,-35.107891,,1,90,0.088582,119.566360
2026-02-26T22:33:23Z,,on_foot,27.884949,-35.108318,,1,90,0.088582,119.566559
2026-02-26T22:33:25Z,,on_foot,27.884951,-35.108608,,1,90,0.088582,119.566742
2026-02-26T22:33:28Z,,on_foot,27.884951,-35.109032,,1,90,0.088582,119.566940
2026-02-26T22:33:30Z,,on_foot,27.884951,-35.109306,,1,90,0.088582,119.567131
2026-02-26T22:33:33Z,,on_foot,27.884951,-35.109734,,1,90,0.088582,119.567322
2026-02-26T22:33:35Z,,on_foot,27.884956,-35.110016,,1,90,0.088582,110.805069
2026-02-26T22:33:38Z,,on_foot,27.884956,-35.110439,,1,90,0.088582,110.805222
2026-02-26T22:33:40Z,,on_foot,27.884956,-35.110729,,1,90,0.088582,110.805389
2026-02-26T22:33:43Z,,on_foot,27.884960,-35.111153,,1,90,0.088582,119.568085
2026-02-26T22:33:45Z,,on_foot,27.884956,-35.111431,,1,90,0.088582,119.568283
2026-02-26T22:33:48Z,,on_foot,27.884960,-35.111717,,1,90,0.088582,119.568466
2026-02-26T22:33:51Z,,on_foot,27.884962,-35.112141,,1,90,0.088582,119.568665
2026-02-26T22:33:53Z,,on_foot,27.884962,-35.112419,,1,90,0.088582,119.568848
2026-02-26T22:33:56Z,,on_foot,27.884964,-35.112846,,1,90,0.088582,119.569046
2026-02-26T22:33:58Z,,on_foot,27.884964,-35.112984,,1,90,0.088582,119.569244
2026-02-26T22:34:01Z,,on_foot,27.884830,-35.112885,,1,90,0.088582,119.569519
2026-02-26T22:34:03Z,,on_foot,27.884830,-35.112537,,1,90,0.088582,119.569809
2026-02-26T22:34:06Z,,on_foot,27.884829,-35.112011,,1,90,0.088582,119.570099
2026-02-26T22:34:08Z,,on_foot,27.884825,-35.111645,,1,90,0.088582,119.570404
2026-02-26T22:34:11Z,,on_foot,27.884823,-35.111118,,1,90,0.088582,119.570694
2026-02-26T22:34:13Z,,on_foot,27.884825,-35.110760,,1,90,0.088582,119.570984
2026-02-26T22:34:16Z,,on_foot,27.884825,-35.110424,,1,90,0.088582,110.808228
2026-02-26T22:34:18Z,,on_foot,27.884823,-35.110519,,1,90,0.088582,110.808426
2026-02-26T22:34:20Z,,on_foot,27.884632,-35.110516,,1,90,0.088582,110.808662
2026-02-26T22:34:23Z,,on_foot,27.884621,-35.110222,,1,90,0.088582,110.808907
2026-02-26T22:34:25Z,,on_foot,27.884747,-35.110039,,1,90,0.088582,110.809082
2026-02-26T22:34:26Z,,on_foot,27.884747,-35.109859,,1,90,0.088582,110.809082
2026-02-26T22:34:28Z,,on_foot,27.884747,-35.109512,,1,90,0.088582,119.572586
2026-02-26T22:34:30Z,,on_foot,27.884747,-35.109161,,1,90,0.088582,119.572884
2026-02-26T22:34:33Z,,on_foot,27.884743,-35.108631,,1,90,0.088582,119.573181
2026-02-26T22:34:35Z,,on_foot,27.884741,-35.108379,,1,90,0.088582,119.573463
2026-02-26T22:34:38Z,,on_foot,27.884800,-35.108505,,1,-52,0.088582,119.573700
2026-02-26T22:34:40Z,,on_foot,27.884979,-35.108776,,1,-57,0.088582,119.573837
2026-02-26T22:34:42Z,,on_foot,27.885118,-35.109016,,1,-57,0.088582,119.573837
2026-02-26T22:34:43Z,,on_foot,27.885118,-35.109016,,1,-57,0.088582,119.573997
2026-02-26T22:34:45Z,,on_foot,27.885118,-35.109016,,1,-57,0.088582,119.574234
2026-02-26T22:34:46Z,,on_foot,27.885118,-35.109016,,1,-57,0.088582,119.574234
2026-02-26T22:34:47Z,,on_foot,27.885118,-35.109016,,1,-57,0.088582,119.574234
2026-02-26T22:34:51Z,,ship,27.885139,-35.108883,0,1,90,,
2026-02-26T22:35:04Z,,ship,27.885157,-35.108864,8,1,90,,
2026-02-26T22:35:08Z,,ship,27.885374,-35.108784,49,1,79,,
2026-02-26T22:35:14Z,,ship,27.885872,-35.109295,49,1,17,,
2026-02-26T22:35:19Z,,ship,27.885635,-35.110107,49,1,307,,
2026-02-26T22:35:24Z,,ship,27.885307,-35.115822,52,1,271,,
2026-02-26T22:35:27Z,,ship,27.885763,-35.136841,70,1,271,,
2026-02-26T22:35:29Z,,ship,27.885704,-35.153996,83,1,270,,
2026-02-26T22:35:33Z,,ship,27.885681,-35.168964,84,1,268,,
2026-02-26T22:35:37Z,,ship,27.885668,-35.169189,84,1,268,,
2026-02-26T22:35:38Z,,ship,27.885668,-35.169189,84,1,268,,
2026-02-26T22:35:43Z,,ship,27.885544,-35.169018,1140,0,268,,
2026-02-26T22:35:44Z,,ship,27.885550,-35.169018,4,1,268,,
2026-02-26T22:35:47Z,,ship,27.885489,-35.170826,5,1,268,,
2026-02-26T22:36:01Z,,ship,27.885464,-35.171406,10,1,268,,
2026-02-26T22:36:04Z,,ship,27.885439,-35.171448,0,1,268,,
2026-02-26T22:36:06Z,,ship,27.885437,-35.171452,0,1,268,,
2026-02-26T22:36:08Z,,ship,27.885437,-35.171452,0,1,268,,
2026-02-26T22:36:26Z,,on_foot,27.885441,-35.171295,,1,-92,0.088582,119.575455
2026-02-26T22:36:28Z,,on_foot,27.885439,-35.171410,,1,-90,0.088582,119.501083
2026-02-26T22:36:30Z,,on_foot,27.885443,-35.171780,,1,-90,0.088582,119.575867
2026-02-26T22:36:33Z,,on_foot,27.885443,-35.172714,,1,-90,0.088582,119.576004
2026-02-26T22:36:35Z,,on_foot,27.885443,-35.173325,,1,-90,0.088582,119.576141
2026-02-26T22:36:38Z,,on_foot,27.885443,-35.174244,,1,-90,0.088582,119.576279
2026-02-26T22:36:40Z,,on_foot,27.885445,-35.174866,,1,-90,0.088582,119.576416
2026-02-26T22:36:43Z,,on_foot,27.885448,-35.175716,,1,-90,0.088582,119.576553
2026-02-26T22:36:45Z,,on_foot,27.885553,-35.175877,,1,-44,0.088582,119.576736
2026-02-26T22:36:48Z,,on_foot,27.885502,-35.176075,,1,178,0.088582,110.937714
2026-02-26T22:36:49Z,,on_foot,27.885502,-35.176075,,1,178,0.088582,110.937714
2026-02-26T22:36:53Z,,srv,27.885431,-35.176075,0,1,271,,
2026-02-26T22:36:57Z,,srv,27.885567,-35.176357,0,1,320,,
2026-02-26T22:36:58Z,,srv,27.885828,-35.176468,0,1,341,,
2026-02-26T22:37:00Z,,srv,27.886499,-35.176262,0,1,30,,
2026-02-26T22:37:01Z,,srv,27.886778,-35.176014,0,1,40,,
2026-02-26T22:37:02Z,,srv,27.887001,-35.175713,0,1,52,,
2026-02-26T22:37:04Z,,srv,27.887281,-35.175034,0,1,71,,
2026-02-26T22:37:05Z,,srv,27.887392,-35.174660,0,1,72,,
2026-02-26T22:37:07Z,,srv,27.887604,-35.173935,0,1,74,,
2026-02-26T22:37:08Z,,srv,27.887581,-35.173584,0,1,104,,
2026-02-26T22:37:09Z,,srv,27.887522,-35.173191,0,1,93,,
2026-02-26T22:37:11Z,,srv,27.887482,-35.172394,0,1,93,,
2026-02-26T22:37:12Z,,srv,27.887474,-35.172016,0,1,93,,
2026-02-26T22:37:13Z,,srv,27.887436,-35.171631,0,1,98,,
2026-02-26T22:37:14Z,,srv,27.887377,-35.171242,0,1,102,,
2026-02-26T22:37:16Z,,srv,27.887236,-35.170486,0,1,102,,
2026-02-26T22:37:17Z,,srv,27.887157,-35.170105,0,1,104,,
2026-02-26T22:37:19Z,,srv,27.886959,-35.169628,0,1,123,,
2026-02-26T22:37:24Z,,srv,27.886757,-35.169514,0,1,155,,
2026-02-26T22:37:25Z,,srv,27.886642,-35.169445,0,1,156,,
2026-02-26T22:37:28Z,,srv,27.886238,-35.169430,0,1,190,,
2026-02-26T22:37:30Z,,srv,27.886009,-35.169544,0,1,207,,
2026-02-26T22:37:33Z,,srv,27.885691,-35.169743,0,1,210,,
2026-02-26T22:37:34Z,,srv,27.885582,-35.169827,0,1,214,,
2026-02-26T22:37:39Z,,srv,27.885471,-35.170357,0,1,263,,
2026-02-26T22:37:47Z,,srv,27.885450,-35.170521,0,1,263,,
2026-02-26T22:37:48Z,,srv,27.885450,-35.170521,0,1,263,,
2026-02-26T22:37:52Z,,srv,27.885450,-35.170521,0,1,263,,
2026-02-26T22:38:02Z,,srv,27.885464,-35.170544,0,1,268,,
2026-03-02T21:45:18Z,,srv,27.870558,-35.106506,0,1,180,,
2026-03-02T21:46:49Z,,srv,27.870562,-35.106506,0,1,180,,
2026-03-02T21:46:51Z,,srv,27.870562,-35.106506,0,1,180,,
2026-03-02T21:46:57Z,,on_foot,27.870575,-35.106636,,1,180,0.088582,66.827217
2026-03-02T21:46:59Z,,on_foot,27.870575,-35.106636,,1,-105,0.088582,66.827148
2026-03-02T21:47:02Z,,on_foot,27.870663,-35.106613,,1,0,0.088582,66.827080
2026-03-02T21:47:05Z,,on_foot,27.870953,-35.106724,,1,2,0.088582,66.827019
2026-03-02T21:47:07Z,,on_foot,27.871237,-35.106621,,1,49,0.088582,66.826950
2026-03-02T21:47:09Z,,on_foot,27.871290,-35.106560,,1,48,0.088582,66.826950
2026-03-02T21:47:10Z,,on_foot,27.871290,-35.106560,,1,48,0.088582,66.826881
2026-03-02T21:47:11Z,,on_foot,27.871290,-35.106560,,1,48,0.088582,66.826881
2026-03-02T21:47:14Z,,ship,27.871443,-35.106522,0,1,0,,
2026-03-02T21:47:30Z,,ship,27.871445,-35.106533,10,1,0,,
2026-03-02T21:47:38Z,,ship,27.871140,-35.106510,32,1,10,,
2026-03-02T21:47:42Z,,ship,27.870846,-35.106518,32,1,158,,
2026-03-02T21:47:44Z,,ship,27.870817,-35.106525,32,1,165,,
2026-03-02T21:47:48Z,,ship,27.871386,-35.106525,32,1,4,,
2026-03-02T21:47:57Z,,ship,27.871443,-35.106522,32,1,2,,
2026-03-02T21:48:01Z,,ship,27.871441,-35.106510,32,1,2,,
2026-03-02T21:48:02Z,,ship,27.871443,-35.106514,32,1,2,,
2026-03-02T21:48:25Z,,ship,27.886543,-35.105942,45,1,2,,
2026-03-02T21:48:28Z,,ship,27.890017,-35.105812,46,1,2,,
2026-03-02T21:48:41Z,,ship,27.889904,-35.105820,46,1,2,,
2026-03-02T21:48:48Z,,ship,27.873871,-35.106430,33,1,2,,
2026-03-02T21:48:50Z,,ship,27.869268,-35.106598,31,1,2,,
2026-03-02T21:48:59Z,,ship,27.848650,-35.107376,27,1,2,,
2026-03-02T21:49:11Z,,ship,27.841785,-35.107643,24,1,2,,
2026-03-02T21:49:28Z,,ship,27.841751,-35.106239,24,1,357,,
2026-03-02T21:49:31Z,,ship,27.841738,-35.106194,24,1,1,,
2026-03-02T21:49:35Z,,ship,27.842573,-35.106213,25,1,0,,
2026-03-02T21:49:39Z,,ship,27.851427,-35.106197,29,1,0,,
2026-03-02T21:49:48Z,,ship,27.872190,-35.106163,40,1,0,,
2026-03-02T21:49:56Z,,ship,27.890528,-35.106133,59,1,0,,
2026-03-02T21:49:57Z,,ship,27.892843,-35.106129,61,1,0,,
2026-03-02T21:50:21Z,,ship,27.904570,-35.106113,69,1,0,,
2026-03-02T21:50:24Z,,ship,27.911386,-35.106102,74,1,0,,
2026-03-02T21:50:33Z,,ship,27.932076,-35.106071,85,1,0,,
2026-03-02T21:50:44Z,,ship,27.936926,-35.104973,87,1,0,,
2026-03-02T21:50:50Z,,ship,27.928005,-35.104992,84,1,0,,
2026-03-02T21:50:53Z,,ship,27.917757,-35.105003,78,1,0,,
2026-03-02T21:50:54Z,,ship,27.914465,-35.105007,76,1,0,,
2026-03-02T21:50:55Z,,ship,27.911442,-35.105015,74,1,0,,
2026-03-02T21:50:57Z,,ship,27.908535,-35.105019,72,1,0,,
2026-03-02T21:51:04Z,,ship,27.888758,-35.105045,57,1,0,,
2026-03-02T21:51:07Z,,ship,27.880318,-35.105061,47,1,0,,
2026-03-02T21:51:08Z,,ship,27.877645,-35.105064,43,1,0,,
2026-03-02T21:51:09Z,,ship,27.875101,-35.105072,41,1,0,,
2026-03-02T21:51:10Z,,ship,27.872610,-35.105076,40,1,0,,
2026-03-02T21:51:12Z,,ship,27.867691,-35.105083,37,1,0,,
2026-03-02T21:51:31Z,,ship,27.853941,-35.103989,31,1,0,,
2026-03-02T21:51:40Z,,ship,27.870247,-35.103966,37,1,0,,
2026-03-02T21:51:54Z,,ship,27.881697,-35.103943,48,1,0,,
2026-03-02T21:52:05Z,,ship,27.890669,-35.103931,58,1,0,,
2026-03-02T21:52:17Z,,ship,27.900480,-35.103916,66,1,0,,
2026-03-02T21:52:38Z,,ship,27.889830,-35.102844,57,1,0,,
2026-03-02T21:52:41Z,,ship,27.887352,-35.102848,54,1,0,,
2026-03-02T21:53:03Z,,ship,27.869408,-35.102875,36,1,0,,
2026-03-02T21:53:04Z,,ship,27.868582,-35.102875,35,1,0,,
2026-03-02T21:53:26Z,,ship,27.850536,-35.102909,29,1,0,,
2026-03-02T21:53:27Z,,ship,27.849895,-35.102909,29,1,0,,
2026-03-02T21:53:37Z,,ship,27.850954,-35.101810,29,1,0,,
2026-03-02T21:53:50Z,,ship,27.860884,-35.101799,33,1,0,,
2026-03-02T21:54:02Z,,ship,27.870745,-35.101784,37,1,0,,
2026-03-02T21:54:13Z,,ship,27.879757,-35.101765,45,1,0,,
2026-03-02T21:54:26Z,,ship,27.890392,-35.101746,57,1,0,,
2026-03-02T21:54:36Z,,ship,27.898567,-35.101734,62,1,0,,
2026-03-02T21:54:56Z,,ship,27.889734,-35.100986,56,1,0,,
2026-03-02T21:54:59Z,,ship,27.887272,-35.100994,53,1,0,,
2026-03-02T21:55:22Z,,ship,27.869314,-35.101021,38,1,0,,
2026-03-02T21:55:23Z,,ship,27.868492,-35.101021,38,1,0,,
2026-03-02T21:55:46Z,,ship,27.857969,-35.100002,35,1,0,,
2026-03-02T21:56:01Z,,ship,27.870581,-35.099979,38,1,0,,
2026-03-02T21:56:09Z,,ship,27.877163,-35.099968,41,1,0,,
2026-03-02T21:56:26Z,,ship,27.890213,-35.099953,55,1,0,,
2026-03-02T21:56:33Z,,ship,27.895975,-35.099937,61,1,0,,
2026-03-02T21:56:56Z,,ship,27.897390,-35.098915,61,1,0,,
2026-03-02T21:57:06Z,,ship,27.889185,-35.098930,53,1,0,,
2026-03-02T21:57:19Z,,ship,27.878519,-35.098949,42,1,0,,
2026-03-02T21:57:30Z,,ship,27.869469,-35.098965,38,1,0,,
2026-03-02T21:57:43Z,,ship,27.859585,-35.098980,35,1,0,,
2026-03-02T21:58:06Z,,ship,27.870413,-35.097950,39,1,0,,
2026-03-02T21:58:29Z,,ship,27.889322,-35.097923,52,1,0,,
2026-03-02T21:58:30Z,,ship,27.890112,-35.097919,53,1,0,,
2026-03-02T21:58:53Z,,ship,27.900124,-35.096764,61,1,0,,
2026-03-02T21:59:05Z,,ship,27.889795,-35.096779,52,1,0,,
2026-03-02T21:59:16Z,,ship,27.880779,-35.096794,44,1,0,,
2026-03-02T21:59:30Z,,ship,27.869358,-35.096813,40,1,0,,
2026-03-02T21:59:39Z,,ship,27.861967,-35.096817,38,1,0,,
2026-03-02T22:00:02Z,,ship,27.868307,-35.095741,41,1,0,,
2026-03-02T22:00:05Z,,ship,27.870771,-35.095737,42,1,0,,
2026-03-02T22:00:26Z,,ship,27.887112,-35.095730,47,1,0,,
2026-03-02T22:00:30Z,,ship,27.890358,-35.095726,50,1,0,,
2026-03-02T22:00:49Z,,ship,27.902121,-35.095528,59,1,0,,
2026-03-02T22:01:11Z,,ship,27.889742,-35.093899,50,1,0,,
2026-03-02T22:01:12Z,,ship,27.888920,-35.093903,49,1,0,,
2026-03-02T22:01:35Z,,ship,27.870075,-35.093910,43,1,0,,
2026-03-02T22:01:36Z,,ship,27.869244,-35.093914,43,1,0,,
2026-03-02T22:01:59Z,,ship,27.858669,-35.092003,38,1,0,,
2026-03-02T22:02:14Z,,ship,27.870163,-35.091904,44,1,0,,
2026-03-02T22:02:22Z,,ship,27.876711,-35.091896,46,1,0,,
2026-03-02T22:02:33Z,,ship,27.885681,-35.091888,47,1,0,,
2026-03-02T22:02:39Z,,ship,27.890577,-35.091888,51,1,0,,
2026-03-02T22:02:45Z,,ship,27.895527,-35.091888,54,1,0,,
2026-03-02T22:03:09Z,,ship,27.899265,-35.090862,56,1,0,,
2026-03-02T22:03:21Z,,ship,27.889452,-35.090866,51,1,0,,
2026-03-02T22:03:32Z,,ship,27.880432,-35.090878,47,1,0,,
2026-03-02T22:03:45Z,,ship,27.869791,-35.090878,44,1,0,,
2026-03-02T22:03:55Z,,ship,27.861618,-35.090858,38,1,0,,
2026-03-02T22:04:18Z,,ship,27.859713,-35.094345,37,1,0,,
2026-03-02T22:04:42Z,,ship,27.859699,-35.101021,32,1,0,,
2026-03-02T22:05:05Z,,ship,27.859697,-35.103600,29,1,0,,
2026-03-02T22:05:16Z,,ship,27.859682,-35.110634,32,1,0,,
2026-03-02T22:05:27Z,,ship,27.864367,-35.111671,32,1,358,,
2026-03-02T22:05:28Z,,ship,27.866796,-35.111729,31,1,0,,
2026-03-02T22:05:30Z,,ship,27.870071,-35.111740,31,1,0,,
2026-03-02T22:05:52Z,,ship,27.887312,-35.111401,43,1,0,,
2026-03-02T22:05:56Z,,ship,27.890581,-35.111404,45,1,0,,
2026-03-02T22:06:15Z,,ship,27.895182,-35.112026,49,1,0,,
2026-03-02T22:06:22Z,,ship,27.889486,-35.112019,44,1,0,,
2026-03-02T22:06:38Z,,ship,27.876389,-35.111996,32,1,0,,
2026-03-02T22:06:46Z,,ship,27.869837,-35.111984,31,1,0,,
2026-03-02T22:07:01Z,,ship,27.859713,-35.111969,29,1,0,,
2026-03-02T22:07:19Z,,ship,27.870209,-35.112526,30,1,0,,
2026-03-02T22:07:25Z,,ship,27.875099,-35.112534,31,1,0,,
2026-03-02T22:07:44Z,,ship,27.890656,-35.112560,45,1,0,,
2026-03-02T22:07:48Z,,ship,27.893940,-35.112560,47,1,0,,
2026-03-02T22:08:11Z,,ship,27.897938,-35.113415,50,1,0,,
2026-03-02T22:08:21Z,,ship,27.889778,-35.113400,44,1,0,,
2026-03-02T22:08:35Z,,ship,27.879124,-35.113384,34,1,0,,
2026-03-02T22:08:47Z,,ship,27.869267,-35.113369,30,1,0,,
2026-03-02T22:08:58Z,,ship,27.860247,-35.113354,29,1,0,,
2026-03-02T22:09:21Z,,ship,27.867785,-35.114601,31,1,0,,
2026-03-02T22:09:24Z,,ship,27.870228,-35.114605,31,1,0,,
2026-03-02T22:09:45Z,,ship,27.886631,-35.114635,40,1,0,,
2026-03-02T22:09:50Z,,ship,27.890676,-35.114639,45,1,0,,
2026-03-02T22:10:08Z,,ship,27.898176,-35.115589,50,1,0,,
2026-03-02T22:10:19Z,,ship,27.889185,-35.115574,43,1,0,,
2026-03-02T22:10:31Z,,ship,27.879354,-35.115562,33,1,0,,
2026-03-02T22:10:43Z,,ship,27.869511,-35.115543,30,1,0,,
2026-03-02T22:10:53Z,,ship,27.861313,-35.115532,29,1,0,,
2026-03-02T22:11:17Z,,ship,27.870356,-35.116577,30,1,0,,
2026-03-02T22:11:40Z,,ship,27.889229,-35.116608,42,1,0,,
2026-03-02T22:11:41Z,,ship,27.890051,-35.116608,43,1,0,,
2026-03-02T22:12:03Z,,ship,27.897972,-35.117592,49,1,0,,
2026-03-02T22:12:13Z,,ship,27.889809,-35.117584,42,1,0,,
2026-03-02T22:12:27Z,,ship,27.879204,-35.117565,32,1,0,,
2026-03-02T22:12:39Z,,ship,27.869423,-35.117550,30,1,0,,
2026-03-02T22:12:50Z,,ship,27.862074,-35.117535,29,1,0,,
2026-03-02T22:13:04Z,,ship,27.870089,-35.118542,29,1,0,,
2026-03-02T22:13:13Z,,ship,27.878046,-35.118557,31,1,0,,
2026-03-02T22:13:28Z,,ship,27.890295,-35.118576,42,1,0,,
2026-03-02T22:13:36Z,,ship,27.896841,-35.118591,49,1,0,,
2026-03-02T22:14:00Z,,ship,27.894943,-35.119587,47,1,0,,
2026-03-02T22:14:07Z,,ship,27.889194,-35.119576,39,1,0,,
2026-03-02T22:14:23Z,,ship,27.876085,-35.119553,30,1,0,,
2026-03-02T22:14:31Z,,ship,27.869507,-35.119541,30,1,0,,
2026-03-02T22:14:46Z,,ship,27.857630,-35.119522,27,1,0,,
2026-03-02T22:15:10Z,,ship,27.866049,-35.121086,29,1,0,,
2026-03-02T22:15:15Z,,ship,27.870129,-35.121086,29,1,0,,
2026-03-02T22:15:33Z,,ship,27.884884,-35.121117,35,1,0,,
2026-03-02T22:15:40Z,,ship,27.890631,-35.121132,41,1,0,,
2026-03-02T22:15:56Z,,ship,27.898046,-35.122112,46,1,0,,
2026-03-02T22:16:09Z,,ship,27.889399,-35.122021,38,1,0,,
2026-03-02T22:16:19Z,,ship,27.881229,-35.122013,32,1,0,,
2026-03-02T22:16:34Z,,ship,27.869728,-35.121994,29,1,0,,
2026-03-02T22:16:43Z,,ship,27.862356,-35.121979,28,1,0,,
2026-03-02T22:17:06Z,,ship,27.870584,-35.123104,30,1,0,,
2026-03-02T22:17:29Z,,ship,27.889429,-35.123131,39,1,0,,
2026-03-02T22:17:30Z,,ship,27.890259,-35.123131,40,1,0,,
2026-03-02T22:17:53Z,,ship,27.908195,-35.123997,49,1,0,,
2026-03-02T22:18:15Z,,ship,27.889826,-35.123966,39,1,0,,
2026-03-02T22:18:16Z,,ship,27.889004,-35.123959,38,1,0,,
2026-03-02T22:18:39Z,,ship,27.870211,-35.123928,31,1,0,,
2026-03-02T22:18:40Z,,ship,27.869389,-35.123928,31,1,0,,
2026-03-02T22:19:03Z,,ship,27.862223,-35.125137,29,1,0,,
2026-03-02T22:19:12Z,,ship,27.870062,-35.125145,31,1,0,,
2026-03-02T22:19:26Z,,ship,27.881508,-35.125172,31,1,0,,
2026-03-02T22:19:37Z,,ship,27.890512,-35.125183,40,1,0,,
2026-03-02T22:19:49Z,,ship,27.900286,-35.125198,46,1,0,,
2026-03-02T22:20:10Z,,ship,27.889297,-35.125179,38,1,0,,
2026-03-02T22:20:12Z,,ship,27.886610,-35.125175,35,1,0,,
2026-03-02T22:20:36Z,,ship,27.881609,-35.126183,31,1,359,,
2026-03-02T22:20:39Z,,ship,27.878983,-35.126129,29,1,0,,
2026-03-02T22:20:50Z,,ship,27.869997,-35.126083,28,1,0,,
2026-03-02T22:20:59Z,,ship,27.862604,-35.126034,25,1,0,,
2026-03-02T22:21:22Z,,ship,27.858181,-35.127068,24,1,0,,
2026-03-02T22:21:38Z,,ship,27.870638,-35.127151,28,1,0,,
2026-03-02T22:21:46Z,,ship,27.877169,-35.127193,29,1,0,,
2026-03-02T22:21:57Z,,ship,27.884453,-35.127243,32,1,0,,
2026-03-02T22:22:09Z,,ship,27.883408,-35.127235,31,1,0,,
2026-03-02T22:22:32Z,,ship,27.874830,-35.127174,28,1,0,,
2026-03-02T22:22:55Z,,ship,27.872908,-35.127163,26,1,0,,
2026-03-02T22:23:14Z,,ship,27.872997,-35.109978,21,1,0,,
2026-03-02T22:23:19Z,,ship,27.873018,-35.106190,20,1,0,,
2026-03-02T22:23:28Z,,ship,27.873020,-35.105022,19,1,0,,
2026-03-02T22:23:41Z,,ship,27.873032,-35.105019,0,1,0,,
2026-03-02T22:23:42Z,,ship,27.873032,-35.105019,0,1,0,,
2026-03-02T22:23:43Z,,ship,27.873032,-35.105019,0,1,0,,
2026-03-02T22:23:44Z,,ship,27.873032,-35.105019,0,1,0,,
2026-03-02T22:24:03Z,,on_foot,27.872900,-35.105015,,1,0,0.088582,66.764542
2026-03-02T22:24:05Z,,on_foot,27.872900,-35.105015,,1,0,0.088582,66.764465
2026-03-02T22:24:07Z,,on_foot,27.872900,-35.105015,,1,0,0.088582,66.764389
2026-03-02T22:24:10Z,,on_foot,27.872917,-35.105019,,1,0,0.088582,66.764313
2026-03-02T22:24:12Z,,on_foot,27.872917,-35.105019,,1,0,0.088582,66.764244
2026-03-02T22:24:15Z,,on_foot,27.872917,-35.105019,,1,0,0.088582,66.764168
2026-03-02T22:24:17Z,,on_foot,27.873083,-35.105019,,1,0,0.088582,66.764099
2026-03-02T22:24:20Z,,on_foot,27.873545,-35.105022,,1,0,0.088582,66.764030
2026-03-02T22:24:22Z,,on_foot,27.873857,-35.105022,,1,0,0.088582,66.763962
2026-03-02T22:24:25Z,,on_foot,27.874329,-35.105022,,1,0,0.088582,66.763885
2026-03-02T22:24:27Z,,on_foot,27.874638,-35.105026,,1,0,0.088582,66.763817
2026-03-02T22:24:30Z,,on_foot,27.875109,-35.105030,,1,0,0.088582,66.763748
2026-03-02T22:24:32Z,,on_foot,27.875414,-35.105030,,1,0,0.088582,66.763680
2026-03-02T22:24:35Z,,on_foot,27.875887,-35.105038,,1,0,0.088582,66.763611
2026-03-02T22:24:37Z,,on_foot,27.876194,-35.105038,,1,0,0.088582,66.763542
2026-03-02T22:24:39Z,,on_foot,27.876503,-35.105038,,1,0,0.088582,66.763466
2026-03-02T22:24:42Z,,on_foot,27.876976,-35.105042,,1,0,0.088582,66.763397
2026-03-02T22:24:44Z,,on_foot,27.877272,-35.105045,,1,0,0.088582,66.763329
2026-03-02T22:24:47Z,,on_foot,27.877386,-35.105045,,1,0,0.088582,66.763260
2026-03-02T22:24:49Z,,on_foot,27.877386,-35.105045,,1,0,0.088582,66.763184
2026-03-02T22:24:52Z,,on_foot,27.877386,-35.105045,,1,0,0.088582,66.763107
2026-03-02T22:24:54Z,,on_foot,27.877386,-35.105045,,1,0,0.088582,66.763039
2026-03-02T22:24:57Z,,on_foot,27.877386,-35.105045,,1,0,0.088582,66.762962
2026-03-02T22:24:59Z,,on_foot,27.877386,-35.105045,,1,0,0.088582,66.762886
2026-03-02T22:25:02Z,,on_foot,27.877386,-35.105045,,1,0,0.088582,66.762817
2026-03-02T22:25:04Z,,on_foot,27.877386,-35.105045,,1,0,0.088582,66.762741
2026-03-02T22:25:07Z,,on_foot,27.877386,-35.105045,,1,0,0.088582,66.762665
2026-03-02T22:25:09Z,,on_foot,27.877386,-35.105045,,1,0,0.088582,66.762596
2026-03-02T22:25:12Z,,on_foot,27.877386,-35.105045,,1,0,0.088582,66.762520
2026-03-02T22:25:15Z,,on_foot,27.877386,-35.105026,,1,0,0.088582,66.762444
2026-03-02T22:25:17Z,,on_foot,27.877390,-35.104839,,1,0,0.088582,66.762367
2026-03-02T22:25:20Z,,on_foot,27.877386,-35.104553,,1,0,0.088582,66.762276
2026-03-02T22:25:22Z,,on_foot,27.877386,-35.104492,,1,0,0.088582,66.762199
2026-03-02T22:25:25Z,,on_foot,27.877014,-35.104492,,1,0,0.088582,66.762123
2026-03-02T22:25:27Z,,on_foot,27.876764,-35.104496,,1,0,0.088582,66.762047
2026-03-02T22:25:30Z,,on_foot,27.876385,-35.104496,,1,0,0.088582,66.761971
2026-03-02T22:25:32Z,,on_foot,27.876120,-35.104492,,1,0,0.088582,66.761894
2026-03-02T22:25:34Z,,on_foot,27.875868,-35.104496,,1,0,0.088582,66.761818
2026-03-02T22:25:37Z,,on_foot,27.875492,-35.104492,,1,0,0.088582,66.761742
2026-03-02T22:25:39Z,,on_foot,27.875242,-35.104492,,1,0,0.088582,66.761665
2026-03-02T22:25:42Z,,on_foot,27.874870,-35.104496,,1,0,0.088582,66.761589
2026-03-02T22:25:44Z,,on_foot,27.874619,-35.104492,,1,0,0.088582,66.761513
2026-03-02T22:25:47Z,,on_foot,27.874245,-35.104488,,1,0,0.088582,66.761436
2026-03-02T22:25:49Z,,on_foot,27.873993,-35.104492,,1,0,0.088582,66.761360
2026-03-02T22:25:52Z,,on_foot,27.873623,-35.104488,,1,0,0.088582,66.761276
2026-03-02T22:25:54Z,,on_foot,27.873371,-35.104488,,1,0,0.088582,66.761200
2026-03-02T22:25:57Z,,on_foot,27.872995,-35.104488,,1,0,0.088582,66.761124
2026-03-02T22:25:59Z,,on_foot,27.872744,-35.104488,,1,0,0.088582,66.761047
2026-03-02T22:26:02Z,,on_foot,27.872450,-35.104488,,1,0,0.088582,66.411057
2026-03-02T22:26:04Z,,on_foot,27.872450,-35.104473,,1,0,0.088582,66.760895
2026-03-02T22:26:07Z,,on_foot,27.872450,-35.104237,,1,0,0.088582,66.410927
2026-03-02T22:26:10Z,,on_foot,27.872452,-35.103951,,1,0,0.088582,66.410851
2026-03-02T22:26:12Z,,on_foot,27.872450,-35.103661,,1,0,0.088582,66.410774
2026-03-02T22:26:15Z,,on_foot,27.872496,-35.103455,,1,0,0.088582,66.410698
2026-03-02T22:26:17Z,,on_foot,27.872810,-35.103451,,1,0,0.088582,66.760483
2026-03-02T22:26:20Z,,on_foot,27.873283,-35.103455,,1,0,0.088582,66.760414
2026-03-02T22:26:22Z,,on_foot,27.873590,-35.103458,,1,0,0.088582,66.760345
2026-03-02T22:26:25Z,,on_foot,27.874065,-35.103458,,1,0,0.088582,66.760277
2026-03-02T22:26:27Z,,on_foot,27.874374,-35.103455,,1,0,0.088582,66.760201
2026-03-02T22:26:30Z,,on_foot,27.874844,-35.103458,,1,0,0.088582,66.760132
2026-03-02T22:26:32Z,,on_foot,27.875151,-35.103458,,1,0,0.088582,66.760063
2026-03-02T22:26:35Z,,on_foot,27.875616,-35.103458,,1,0,0.088582,66.759995
2026-03-02T22:26:37Z,,on_foot,27.875921,-35.103458,,1,0,0.088582,66.759918
2026-03-02T22:26:39Z,,on_foot,27.876238,-35.103458,,1,0,0.088582,66.759850
2026-03-02T22:26:42Z,,on_foot,27.876705,-35.103462,,1,0,0.088582,66.759781
2026-03-02T22:26:44Z,,on_foot,27.877020,-35.103462,,1,0,0.088582,66.759712
2026-03-02T22:26:47Z,,on_foot,27.877491,-35.103462,,1,0,0.088582,66.759644
2026-03-02T22:26:49Z,,on_foot,27.877699,-35.103462,,1,0,0.088582,66.759567
2026-03-02T22:26:52Z,,on_foot,27.877699,-35.103081,,1,0,0.088582,66.759483
2026-03-02T22:26:54Z,,on_foot,27.877699,-35.102798,,1,0,0.088582,66.759392
2026-03-02T22:26:56Z,,on_foot,27.877699,-35.102512,,1,0,0.088582,66.759308
2026-03-02T22:27:00Z,,on_foot,27.877493,-35.102501,,1,0,0.088582,66.759232
2026-03-02T22:27:02Z,,on_foot,27.877243,-35.102497,,1,0,0.088582,66.759155
2026-03-02T22:27:05Z,,on_foot,27.876863,-35.102501,,1,0,0.088582,66.759071
2026-03-02T22:27:07Z,,on_foot,27.876612,-35.102497,,1,0,0.088582,66.758995
2026-03-02T22:27:10Z,,on_foot,27.876234,-35.102497,,1,0,0.088582,66.758919
2026-03-02T22:27:12Z,,on_foot,27.875984,-35.102497,,1,0,0.088582,66.758842
2026-03-02T22:27:15Z,,on_foot,27.875607,-35.102497,,1,0,0.088582,66.758766
2026-03-02T22:27:17Z,,on_foot,27.875357,-35.102497,,1,0,0.088582,66.758690
2026-03-02T22:27:20Z,,on_foot,27.874979,-35.102497,,1,0,0.088582,66.758614
2026-03-02T22:27:22Z,,on_foot,27.874729,-35.102497,,1,0,0.088582,66.758537
2026-03-02T22:27:24Z,,on_foot,27.874477,-35.102493,,1,0,0.088582,66.758461
2026-03-02T22:27:27Z,,on_foot,27.874098,-35.102497,,1,0,0.088582,66.758377
2026-03-02T22:27:29Z,,on_foot,27.873850,-35.102493,,1,0,0.088582,66.758301
2026-03-02T22:27:32Z,,on_foot,27.873468,-35.102489,,1,0,0.088582,66.758224
2026-03-02T22:27:34Z,,on_foot,27.873220,-35.102493,,1,0,0.088582,66.758148
2026-03-02T22:27:37Z,,on_foot,27.872843,-35.102493,,1,0,0.088582,66.758072
2026-03-02T22:27:39Z,,on_foot,27.872591,-35.102493,,1,0,0.088582,66.408546
2026-03-02T22:27:42Z,,on_foot,27.872219,-35.102489,,1,0,0.088582,66.408485
2026-03-02T22:27:44Z,,on_foot,27.872004,-35.102489,,1,0,0.088582,66.408417
2026-03-02T22:27:47Z,,on_foot,27.872004,-35.102257,,1,0,0.088582,66.408356
2026-03-02T22:27:49Z,,on_foot,27.872007,-35.101974,,1,0,0.088582,66.408279
2026-03-02T22:27:51Z,,on_foot,27.872007,-35.101692,,1,0,0.088582,66.408203
2026-03-02T22:27:55Z,,on_foot,27.872004,-35.101311,,1,0,0.088582,66.408127
2026-03-02T22:27:57Z,,on_foot,27.872263,-35.101311,,1,0,0.088582,66.757416
2026-03-02T22:28:00Z,,on_foot,27.872725,-35.101307,,1,0,0.088582,66.757347
2026-03-02T22:28:02Z,,on_foot,27.873034,-35.101307,,1,0,0.088582,66.757278
2026-03-02T22:28:05Z,,on_foot,27.873503,-35.101307,,1,0,0.088582,66.757202
2026-03-02T22:28:07Z,,on_foot,27.873817,-35.101311,,1,0,0.088582,66.757133
2026-03-02T22:28:10Z,,on_foot,27.874287,-35.101311,,1,0,0.088582,66.757065
2026-03-02T22:28:12Z,,on_foot,27.874601,-35.101311,,1,0,0.088582,66.756996
2026-03-02T22:28:15Z,,on_foot,27.875071,-35.101311,,1,0,0.088582,66.756927
2026-03-02T22:28:17Z,,on_foot,27.875381,-35.101311,,1,0,0.088582,66.756851
2026-03-02T22:28:20Z,,on_foot,27.875837,-35.101315,,1,0,0.088582,66.756783
2026-03-02T22:28:22Z,,on_foot,27.876150,-35.101311,,1,0,0.088582,66.756714
2026-03-02T22:28:24Z,,on_foot,27.876467,-35.101311,,1,0,0.088582,66.756645
2026-03-02T22:28:27Z,,on_foot,27.876928,-35.101315,,1,0,0.088582,66.756569
2026-03-02T22:28:29Z,,on_foot,27.877230,-35.101315,,1,0,0.088582,66.756500
2026-03-02T22:28:32Z,,on_foot,27.877699,-35.101315,,1,0,0.088582,66.756432
2026-03-02T22:28:34Z,,on_foot,27.877941,-35.101315,,1,0,0.088582,66.756355
2026-03-02T22:28:37Z,,on_foot,27.877943,-35.101608,,1,0,0.088582,66.756294
2026-03-02T22:28:39Z,,on_foot,27.877941,-35.101883,,1,0,0.088582,66.756233
2026-03-02T22:28:42Z,,on_foot,27.877939,-35.102306,,1,0,0.088582,66.756172
2026-03-02T22:28:44Z,,on_foot,27.877941,-35.102585,,1,0,0.088582,66.756119
2026-03-02T22:28:47Z,,on_foot,27.877943,-35.103008,,1,0,0.088582,66.756058
2026-03-02T22:28:49Z,,on_foot,27.877939,-35.103291,,1,0,0.088582,66.755997
2026-03-02T22:28:52Z,,on_foot,27.877939,-35.103718,,1,0,0.088582,66.755943
2026-03-02T22:28:55Z,,on_foot,27.877939,-35.104000,,1,0,0.088582,66.755882
2026-03-02T22:28:57Z,,on_foot,27.877939,-35.104286,,1,0,0.088582,66.755829
2026-03-02T22:29:00Z,,on_foot,27.877939,-35.104702,,1,0,0.088582,66.755768
2026-03-02T22:29:02Z,,on_foot,27.877939,-35.104996,,1,0,0.088582,66.755707
2026-03-02T22:29:05Z,,on_foot,27.877722,-35.105064,,1,0,0.088582,66.755638
2026-03-02T22:29:07Z,,on_foot,27.877470,-35.105064,,1,0,0.088582,66.755562
2026-03-02T22:29:10Z,,on_foot,27.877092,-35.105064,,1,0,0.088582,66.755486
2026-03-02T22:29:12Z,,on_foot,27.876844,-35.105064,,1,0,0.088582,66.755409
2026-03-02T22:29:15Z,,on_foot,27.876469,-35.105064,,1,0,0.088582,66.755325
2026-03-02T22:29:17Z,,on_foot,27.876217,-35.105064,,1,0,0.088582,66.755249
2026-03-02T22:29:20Z,,on_foot,27.875841,-35.105061,,1,0,0.088582,66.755173
2026-03-02T22:29:22Z,,on_foot,27.875589,-35.105064,,1,0,0.088582,66.755096
2026-03-02T22:29:24Z,,on_foot,27.875341,-35.105061,,1,0,0.088582,66.755020
2026-03-02T22:29:27Z,,on_foot,27.874968,-35.105061,,1,0,0.088582,66.754944
2026-03-02T22:29:29Z,,on_foot,27.874716,-35.105061,,1,0,0.088582,66.754868
2026-03-02T22:29:32Z,,on_foot,27.874342,-35.105064,,1,0,0.088582,66.754784
2026-03-02T22:29:34Z,,on_foot,27.874094,-35.105061,,1,0,0.088582,66.754707
2026-03-02T22:29:37Z,,on_foot,27.873720,-35.105061,,1,0,0.088582,66.754631
2026-03-02T22:29:39Z,,on_foot,27.873470,-35.105061,,1,0,0.088582,66.754555
2026-03-02T22:29:42Z,,on_foot,27.873095,-35.105061,,1,0,0.088582,66.754478
2026-03-02T22:29:44Z,,on_foot,27.872847,-35.105061,,1,0,0.088582,66.754395
2026-03-02T22:29:47Z,,on_foot,27.872828,-35.105164,,1,0,0.088582,66.754326
2026-03-02T22:29:49Z,,on_foot,27.872828,-35.105289,,1,0,0.088582,66.754257
2026-03-02T22:29:52Z,,on_foot,27.872828,-35.105713,,1,0,0.088582,66.754196
2026-03-02T22:29:54Z,,on_foot,27.872828,-35.105991,,1,0,0.088582,66.754143
2026-03-02T22:29:57Z,,on_foot,27.872828,-35.106422,,1,0,0.088582,66.754082
2026-03-02T22:29:59Z,,on_foot,27.872969,-35.106525,,1,0,0.088582,66.754021
2026-03-02T22:30:02Z,,on_foot,27.873280,-35.106525,,1,0,0.088582,66.753944
2026-03-02T22:30:05Z,,on_foot,27.873747,-35.106525,,1,0,0.088582,66.753876
2026-03-02T22:30:07Z,,on_foot,27.874058,-35.106525,,1,0,0.088582,66.753807
2026-03-02T22:30:10Z,,on_foot,27.874531,-35.106529,,1,0,0.088582,66.753738
2026-03-02T22:30:12Z,,on_foot,27.874840,-35.106525,,1,0,0.088582,66.753662
2026-03-02T22:30:15Z,,on_foot,27.875311,-35.106529,,1,0,0.088582,66.753593
2026-03-02T22:30:17Z,,on_foot,27.875618,-35.106529,,1,0,0.088582,66.753525
2026-03-02T22:30:20Z,,on_foot,27.876083,-35.106529,,1,0,0.088582,66.753456
2026-03-02T22:30:22Z,,on_foot,27.876394,-35.106529,,1,0,0.088582,66.753380
2026-03-02T22:30:25Z,,on_foot,27.876856,-35.106533,,1,0,0.088582,66.753311
2026-03-02T22:30:27Z,,on_foot,27.877169,-35.106529,,1,0,0.088582,66.753242
2026-03-02T22:30:30Z,,on_foot,27.877630,-35.106533,,1,0,0.088582,66.753166
2026-03-02T22:30:32Z,,on_foot,27.877943,-35.106533,,1,0,0.088582,66.753098
2026-03-02T22:30:34Z,,on_foot,27.878248,-35.106533,,1,0,0.088582,66.753029
2026-03-02T22:30:37Z,,on_foot,27.878716,-35.106533,,1,0,0.088582,66.752960
2026-03-02T22:30:39Z,,on_foot,27.879030,-35.106533,,1,0,0.088582,66.752884
2026-03-02T22:30:42Z,,on_foot,27.879143,-35.106777,,1,0,0.088582,66.752823
2026-03-02T22:30:44Z,,on_foot,27.879143,-35.107063,,1,0,0.088582,66.752762
2026-03-02T22:30:47Z,,on_foot,27.879147,-35.107483,,1,0,0.088582,66.752701
2026-03-02T22:30:49Z,,on_foot,27.879110,-35.107594,,1,0,0.088582,66.752640
2026-03-02T22:30:52Z,,on_foot,27.878735,-35.107597,,1,0,0.088582,66.752556
2026-03-02T22:30:54Z,,on_foot,27.878489,-35.107597,,1,0,0.088582,66.752480
2026-03-02T22:30:57Z,,on_foot,27.878111,-35.107597,,1,0,0.088582,66.752403
2026-03-02T22:30:59Z,,on_foot,27.877857,-35.107594,,1,0,0.088582,66.752327
2026-03-02T22:31:02Z,,on_foot,27.877491,-35.107594,,1,0,0.088582,66.752251
2026-03-02T22:31:04Z,,on_foot,27.877241,-35.107594,,1,0,0.088582,66.752167
2026-03-02T22:31:07Z,,on_foot,27.876863,-35.107594,,1,0,0.088582,66.752090
2026-03-02T22:31:10Z,,on_foot,27.876610,-35.107590,,1,0,0.088582,66.752014
2026-03-02T22:31:12Z,,on_foot,27.876356,-35.107594,,1,0,0.088582,66.751938
2026-03-02T22:31:15Z,,on_foot,27.875982,-35.107594,,1,0,0.088582,66.751862
2026-03-02T22:31:17Z,,on_foot,27.875736,-35.107590,,1,0,0.088582,66.751785
2026-03-02T22:31:20Z,,on_foot,27.875357,-35.107594,,1,0,0.088582,66.751701
2026-03-02T22:31:22Z,,on_foot,27.875105,-35.107590,,1,0,0.088582,66.751625
2026-03-02T22:31:25Z,,on_foot,27.874731,-35.107590,,1,0,0.088582,66.751549
2026-03-02T22:31:27Z,,on_foot,27.874481,-35.107590,,1,0,0.088582,66.751472
2026-03-02T22:31:30Z,,on_foot,27.874102,-35.107586,,1,0,0.088582,66.751389
2026-03-02T22:31:32Z,,on_foot,27.873850,-35.107586,,1,0,0.088582,66.751312
2026-03-02T22:31:35Z,,on_foot,27.873476,-35.107586,,1,0,0.088582,66.751236
2026-03-02T22:31:37Z,,on_foot,27.873226,-35.107590,,1,0,0.088582,66.751160
2026-03-02T22:31:39Z,,on_foot,27.872978,-35.107586,,1,0,0.088582,66.751083
2026-03-02T22:31:42Z,,on_foot,27.872604,-35.107586,,1,0,0.088582,66.750999
2026-03-02T22:31:44Z,,on_foot,27.872355,-35.107590,,1,0,0.088582,66.750923
2026-03-02T22:31:47Z,,on_foot,27.871979,-35.107586,,1,0,0.088582,66.750847
2026-03-02T22:31:49Z,,on_foot,27.871729,-35.107586,,1,0,0.088582,66.750771
2026-03-02T22:31:52Z,,on_foot,27.871572,-35.107689,,1,0,0.088582,66.750694
2026-03-02T22:31:54Z,,on_foot,27.871571,-35.107967,,1,0,0.088582,66.750633
2026-03-02T22:31:57Z,,on_foot,27.871571,-35.108387,,1,0,0.088582,66.750572
2026-03-02T22:31:59Z,,on_foot,27.871599,-35.108608,,1,0,0.088582,66.750511
2026-03-02T22:32:02Z,,on_foot,27.872066,-35.108604,,1,0,0.088582,66.750443
2026-03-02T22:32:04Z,,on_foot,27.872379,-35.108604,,1,0,0.088582,66.750374
2026-03-02T22:32:07Z,,on_foot,27.872847,-35.108604,,1,0,0.088582,66.750298
2026-03-02T22:32:09Z,,on_foot,27.873161,-35.108608,,1,0,0.088582,66.750229
2026-03-02T22:32:11Z,,on_foot,27.873474,-35.108612,,1,0,0.088582,66.750160
2026-03-02T22:32:15Z,,on_foot,27.873945,-35.108612,,1,0,0.088582,66.750084
2026-03-02T22:32:17Z,,on_foot,27.874260,-35.108612,,1,0,0.088582,66.750015
2026-03-02T22:32:20Z,,on_foot,27.874729,-35.108612,,1,0,0.088582,66.749947
2026-03-02T22:32:22Z,,on_foot,27.875040,-35.108612,,1,0,0.088582,66.749870
2026-03-02T22:32:25Z,,on_foot,27.875502,-35.108612,,1,0,0.088582,66.749802
2026-03-02T22:32:27Z,,on_foot,27.875811,-35.108612,,1,0,0.088582,66.749733
2026-03-02T22:32:30Z,,on_foot,27.876280,-35.108612,,1,0,0.088582,66.749657
2026-03-02T22:32:32Z,,on_foot,27.876591,-35.108612,,1,0,0.088582,66.749588
2026-03-02T22:32:35Z,,on_foot,27.877052,-35.108612,,1,0,0.088582,66.749519
2026-03-02T22:32:37Z,,on_foot,27.877365,-35.108612,,1,0,0.088582,66.749443
2026-03-02T22:32:40Z,,on_foot,27.877550,-35.108612,,1,71,0.088582,66.749374
2026-03-02T22:32:42Z,,on_foot,27.877476,-35.108562,,1,146,0.088582,66.749298
2026-03-02T22:32:44Z,,on_foot,27.877039,-35.108192,,1,144,0.088582,66.749199
2026-03-02T22:32:47Z,,on_foot,27.876381,-35.107651,,1,144,0.088582,66.749100
2026-03-02T22:32:49Z,,on_foot,27.875938,-35.107285,,1,144,0.088582,66.748993
2026-03-02T22:32:52Z,,on_foot,27.875341,-35.106789,,1,144,0.088582,66.748894
2026-03-02T22:32:54Z,,on_foot,27.875086,-35.106579,,1,144,0.088582,66.748802
2026-03-02T22:32:57Z,,on_foot,27.874706,-35.106262,,1,144,0.088582,66.748718
2026-03-02T22:32:59Z,,on_foot,27.874374,-35.105988,,1,144,0.088582,66.748619
2026-03-02T22:33:02Z,,on_foot,27.873716,-35.105442,,1,144,0.088582,66.748520
2026-03-02T22:33:04Z,,on_foot,27.873226,-35.105179,,1,160,0.088582,66.748421
2026-03-02T22:33:07Z,,on_foot,27.872934,-35.105026,,1,148,0.088582,66.748337
2026-03-02T22:33:08Z,,on_foot,27.872934,-35.105026,,1,148,0.088582,66.748337
2026-03-02T22:33:09Z,,on_foot,27.872934,-35.105026,,1,148,0.088582,66.748260
2026-03-02T22:33:13Z,,ship,27.873030,-35.105015,0,1,0,,
2026-03-02T22:33:51Z,,ship,27.873030,-35.105015,0,1,0,,
